-- MySQL dump 10.13  Distrib 5.7.24, for Linux (x86_64)
--
-- Host: localhost    Database: sa_server
-- ------------------------------------------------------
-- Server version	5.7.24-0ubuntu0.18.04.1

/*!40101 SET @OLD_CHARACTER_SET_CLIENT=@@CHARACTER_SET_CLIENT */;
/*!40101 SET @OLD_CHARACTER_SET_RESULTS=@@CHARACTER_SET_RESULTS */;
/*!40101 SET @OLD_COLLATION_CONNECTION=@@COLLATION_CONNECTION */;
/*!40101 SET NAMES utf8 */;
/*!40103 SET @OLD_TIME_ZONE=@@TIME_ZONE */;
/*!40103 SET TIME_ZONE='+00:00' */;
/*!40014 SET @OLD_UNIQUE_CHECKS=@@UNIQUE_CHECKS, UNIQUE_CHECKS=0 */;
/*!40014 SET @OLD_FOREIGN_KEY_CHECKS=@@FOREIGN_KEY_CHECKS, FOREIGN_KEY_CHECKS=0 */;
/*!40101 SET @OLD_SQL_MODE=@@SQL_MODE, SQL_MODE='NO_AUTO_VALUE_ON_ZERO' */;
/*!40111 SET @OLD_SQL_NOTES=@@SQL_NOTES, SQL_NOTES=0 */;

--
-- Table structure for table `sa_api_bed`
--

DROP TABLE IF EXISTS `sa_api_bed`;
/*!40101 SET @saved_cs_client     = @@character_set_client */;
/*!40101 SET character_set_client = utf8 */;
CREATE TABLE `sa_api_bed` (
  `id` int(11) NOT NULL AUTO_INCREMENT,
  `name` varchar(64) NOT NULL,
  `bed_type` int(11) NOT NULL,
  `room_id` int(11) NOT NULL,
  PRIMARY KEY (`id`),
  KEY `sa_api_bed_room_id_1b979647_fk_sa_api_room_id` (`room_id`),
  CONSTRAINT `sa_api_bed_room_id_1b979647_fk_sa_api_room_id` FOREIGN KEY (`room_id`) REFERENCES `sa_api_room` (`id`)
) ENGINE=InnoDB AUTO_INCREMENT=9 DEFAULT CHARSET=latin1;
/*!40101 SET character_set_client = @saved_cs_client */;

--
-- Dumping data for table `sa_api_bed`
--

LOCK TABLES `sa_api_bed` WRITE;
/*!40000 ALTER TABLE `sa_api_bed` DISABLE KEYS */;
INSERT INTO `sa_api_bed` VALUES (1,'H-01',1,2),(2,'H-02',1,2),(3,'H-08',1,2),(4,'C-05',1,1),(5,'Reserved',0,3),(6,'TEST-01',1,4),(7,'F-06',1,5),(8,'F-04',1,5);
/*!40000 ALTER TABLE `sa_api_bed` ENABLE KEYS */;
UNLOCK TABLES;

--
-- Table structure for table `sa_api_channel`
--

DROP TABLE IF EXISTS `sa_api_channel`;
/*!40101 SET @saved_cs_client     = @@character_set_client */;
/*!40101 SET character_set_client = utf8 */;
CREATE TABLE `sa_api_channel` (
  `id` int(11) NOT NULL AUTO_INCREMENT,
  `dt_create` datetime(6) NOT NULL,
  `dt_update` datetime(6) NOT NULL,
  `is_unknown` tinyint(1) NOT NULL,
  `use_custom_setting` tinyint(1) NOT NULL,
  `name` varchar(64) NOT NULL,
  `abbreviation` varchar(32) NOT NULL,
  `device_type` varchar(64) NOT NULL,
  `recording_type` int(11) NOT NULL,
  `recording_format` int(11) NOT NULL,
  `unit` varchar(32) NOT NULL,
  `minval` double NOT NULL,
  `maxval` double NOT NULL,
  `color_a` smallint(5) unsigned NOT NULL,
  `color_r` smallint(5) unsigned NOT NULL,
  `color_g` smallint(5) unsigned NOT NULL,
  `color_b` smallint(5) unsigned NOT NULL,
  `srate` double NOT NULL,
  `adc_gain` double NOT NULL,
  `adc_offset` double NOT NULL,
  `mon_type` int(11) NOT NULL,
  `device_id` int(11) DEFAULT NULL,
  PRIMARY KEY (`id`),
  UNIQUE KEY `sa_api_channel_name_device_type_b9d91459_uniq` (`name`,`device_type`),
  KEY `sa_api_channel_device_id_bb6a163c_fk_sa_api_device_id` (`device_id`),
  CONSTRAINT `sa_api_channel_device_id_bb6a163c_fk_sa_api_device_id` FOREIGN KEY (`device_id`) REFERENCES `sa_api_device` (`id`)
) ENGINE=InnoDB AUTO_INCREMENT=351 DEFAULT CHARSET=latin1;
/*!40101 SET character_set_client = @saved_cs_client */;

--
-- Dumping data for table `sa_api_channel`
--

LOCK TABLES `sa_api_channel` WRITE;
/*!40000 ALTER TABLE `sa_api_channel` DISABLE KEYS */;
INSERT INTO `sa_api_channel` VALUES (1,'2018-07-22 05:49:06.219771','2018-07-27 12:03:55.369152',0,0,'Airway Pressure','AWP','Primus',1,6,'hPa',-10,30,255,255,255,255,62.5,0.1,-20,0,3),(2,'2018-07-22 05:49:06.313663','2018-07-27 12:06:07.568951',0,0,'CO2','CO2','Primus',1,6,'mmHg',0,60,255,255,255,0,62.5,0.1,0,14,3),(3,'2018-07-22 05:49:08.912711','2018-07-28 01:01:27.774007',0,0,'Insp. O2','INSP_O2','Primus',2,1,'Uknown',-100,100,255,255,255,255,1,1,0,0,3),(4,'2018-07-22 05:49:08.985986','2018-07-28 01:02:22.407911',0,0,'Insp. CO2 mmHg','INSP_CO2_mmHg','Primus',2,1,'mmHg',0,5,255,255,255,255,1,1,0,0,3),(5,'2018-07-22 05:49:09.058404','2018-07-27 12:09:32.056860',0,0,'Delta O2 (Insp. O2 - Exp. O2)','DELTA_O2','Primus',2,1,'Unknonwn',-100,100,255,255,255,255,1,1,0,0,3),(6,'2018-07-22 05:49:09.130913','2018-07-28 01:03:00.264911',0,0,'Insp. N 2 O','INSP_N2O','Primus',2,1,'Unknown',-100,100,255,255,255,255,1,1,0,0,3),(7,'2018-07-22 05:49:09.205358','2018-07-28 01:03:53.812413',0,0,'Endtidal CO2 in mmHg','ENDTIDAL_CO2_mmHg','Primus',2,1,'mmHg',-100,100,255,255,255,255,1,1,0,0,3),(8,'2018-07-22 05:49:09.276125','2018-07-27 12:11:47.763421',0,0,'Exp. N 2 O','EXP_N2O','Primus',2,1,'Unknown',-100,100,255,255,255,255,1,1,0,0,3),(9,'2018-07-22 05:49:09.346540','2018-07-27 12:12:29.123733',0,0,'O2 Flow','O2_FLOW','Primus',2,1,'Unknown',-100,100,255,255,255,255,1,1,0,0,3),(10,'2018-07-22 05:49:09.408841','2018-07-28 01:05:32.663821',0,0,'Endtidal CO2 in kPa','ENDTIDAL_CO2_kPa','Primus',2,1,'kPa',-100,100,255,255,255,255,1,1,0,0,3),(11,'2018-07-22 05:49:09.485086','2018-07-28 01:05:51.425967',0,0,'Insp. CO2 in %','INSP_CO2_%','Primus',2,1,'%',-100,100,255,255,255,255,1,1,0,0,3),(12,'2018-07-22 05:49:09.605911','2018-07-28 01:07:30.891681',0,0,'Apnea Duration','APNEA_DURATION','Primus',2,1,'Unknown',-100,100,255,255,255,255,1,1,0,0,3),(13,'2018-07-22 05:49:09.691393','2018-07-28 01:08:15.170559',0,0,'Air Flow','AIR_FLOW','Primus',2,1,'Unknown',-100,100,255,255,255,255,1,1,0,0,3),(14,'2018-07-22 05:49:09.773698','2018-07-28 01:06:41.324264',0,0,'Insp. CO2 kPa','INSP_CO2_kPa','Primus',2,1,'kPa',-100,100,255,255,255,255,1,1,0,0,3),(15,'2018-07-22 05:49:09.833940','2018-07-28 01:07:56.981670',0,0,'Insp. MAC','INSP_MAC','Primus',2,1,'Unknown',-100,100,255,255,255,255,1,1,0,0,3),(16,'2018-07-22 05:49:09.916402','2018-07-28 01:09:07.814507',0,0,'Endtidal CO2 in %','ENDTIDAL_CO2_%','Primus',2,1,'%',0,100,255,255,255,255,1,1,0,0,3),(17,'2018-07-22 05:49:10.016951','2018-07-27 12:17:35.939301',0,0,'Ambient pressure','AMBIENT_PRESSURE','Primus',2,1,'Unknown',-100,100,255,255,255,255,1,1,0,0,3),(18,'2018-07-22 05:49:10.124775','2018-07-27 12:18:06.449283',0,0,'N2O Flow','N2O_FLOW','Primus',2,1,'Unknown',-100,100,255,255,255,255,1,1,0,0,3),(19,'2018-07-22 05:49:10.218952','2018-07-27 12:18:39.554003',0,0,'Exp. MAC','EXP_MAC','Primus',2,1,'Unknown',-100,100,255,255,255,255,1,1,0,0,3),(20,'2018-07-22 05:49:10.313612','2018-07-27 12:19:14.981875',0,0,'Exp. O2','EXP_O2','Primus',2,1,'Unknown',-100,100,255,255,255,255,1,1,0,0,3),(21,'2018-07-22 08:34:43.859662','2018-07-27 11:12:57.695818',0,0,'ECG','ECG_II','M8000',1,6,'mV',-1,3,255,0,255,0,500,0.005,-40.96,1,2),(22,'2018-07-22 08:34:44.838144','2018-07-27 11:17:07.554892',0,0,'PLETH','PLETH','M8000',1,6,'N/A',0,100,255,250,206,135,125,0.0244200244,0,8,2),(23,'2018-07-22 08:34:44.953072','2018-07-27 11:19:03.718775',0,0,'ABP','ABP','M8000',1,6,'mmHg',0,299,255,255,0,0,124,0.0625,-50,4,2),(24,'2018-07-22 08:34:45.156687','2018-07-27 11:21:25.020531',0,0,'CVP','CVP','M8000',1,6,'mmHg',0,30,255,255,165,0,125,0.0625,-50,20,2),(25,'2018-07-27 02:33:37.267914','2018-07-27 11:23:09.899789',0,0,'NOM_PULS_PRESS_VAR','PPV','M8000',2,1,'%',0,100,255,255,255,255,1,1,0,0,2),(26,'2018-07-27 02:33:37.385310','2018-07-27 11:45:30.255755',0,0,'NOM_PRESS_BLD_NONINV_SYS','NIBP_SYS','M8000',2,1,'mmHg',0,200,255,255,0,0,1,1,0,0,2),(27,'2018-07-27 02:33:37.497709','2018-07-27 11:45:48.679998',0,0,'NOM_PRESS_BLD_NONINV_DIA','NIBP_DIA','M8000',2,1,'mmHg',0,200,255,255,0,0,1,1,0,0,2),(28,'2018-07-27 02:33:37.597479','2018-07-27 11:46:00.286963',0,0,'NOM_PRESS_BLD_NONINV_MEAN','NIBP_MEAN','M8000',2,1,'mmHg',0,200,255,255,0,0,1,1,0,0,2),(29,'2018-07-27 02:33:37.754641','2018-07-27 11:46:15.991003',0,0,'NOM_PRESS_BLD_NONINV_PULS_RATE','NIBP_HR','M8000',2,1,'/min',30,150,255,255,255,255,1,1,0,0,2),(30,'2018-07-27 02:33:37.844243','2018-07-27 11:31:39.813364',0,0,'NOM_ECG_CARD_BEAT_RATE','ECG_HR','M8000',2,1,'/min',30,148,255,0,255,0,1,1,0,2,2),(31,'2018-07-27 02:33:37.939061','2018-07-27 11:34:50.027832',0,0,'NOM_ECG_AMPL_ST_I','ST_I','M8000',2,1,'mm',-3,3,255,0,255,0,1,1,0,0,2),(32,'2018-07-27 02:33:38.032484','2018-07-27 11:35:33.000847',0,0,'NOM_ECG_AMPL_ST_II','ST_II','M8000',2,1,'mm',-3,3,255,0,255,0,1,1,0,0,2),(33,'2018-07-27 02:33:38.123852','2018-07-27 11:36:30.666189',0,0,'NOM_ECG_AMPL_ST_III','ST_III','M8000',2,1,'mm',-3,3,255,0,255,0,1,1,0,0,2),(34,'2018-07-27 02:33:38.216784','2018-07-27 11:38:52.150852',0,0,'NOM_ECG_AMPL_ST_AVR','ST_AVR','M8000',2,1,'mm',-3,3,255,0,255,0,1,1,0,0,2),(35,'2018-07-27 02:33:38.309311','2018-07-27 11:39:31.064863',0,0,'NOM_ECG_AMPL_ST_AVL','ST_AVL','M8000',2,1,'mm',-3,3,255,0,255,0,1,1,0,0,2),(36,'2018-07-27 02:33:38.378660','2018-07-27 11:40:05.164421',0,0,'NOM_ECG_AMPL_ST_AVF','ST_AVF','M8000',2,1,'mm',-3,3,255,0,255,0,1,1,0,0,2),(37,'2018-07-27 02:33:38.428506','2018-07-27 11:41:09.568464',0,0,'NOM_ECG_AMPL_ST_V2','ST_V2','M8000',2,1,'mm',-3,3,255,0,255,0,1,1,0,0,2),(38,'2018-07-27 02:33:38.487495','2018-07-27 11:42:04.216888',0,0,'NOM_ECG_AMPL_ST_V5','ST_V5','M8000',2,1,'mm',-3,3,255,0,255,0,1,1,0,0,2),(39,'2018-07-27 02:33:38.570229','2018-07-27 11:42:54.025755',0,0,'NOM_ECG_TIME_PD_QT_GL','ECG_TIME_PD_QT_GL','M8000',2,1,'Unknown',-100,100,255,0,255,0,1,1,0,0,2),(40,'2018-07-27 02:33:38.629846','2018-07-27 11:43:33.975797',0,0,'NOM_ECG_TIME_PD_QTc','ECG_TIME_PD_QTc','M8000',2,1,'Unknown',-100,100,255,0,255,0,1,1,0,0,2),(41,'2018-07-27 02:33:38.703910','2018-07-27 11:47:14.163915',0,0,'NOM_ECG_TIME_PD_QTc_DELTA','ECG_TIME_PD_QTc_DELTA','M8000',2,1,'Unknown',-100,100,255,0,255,0,1,1,0,0,2),(42,'2018-07-27 02:33:38.796406','2018-07-27 11:47:52.397173',0,0,'NOM_ECG_TIME_PD_QT_HEART_RATE','ECG_TIME_PD_QT_HR','M8000',2,1,'/min',-100,100,255,0,255,0,1,1,0,0,2),(43,'2018-07-27 02:33:38.853267','2018-07-28 01:09:56.985145',0,0,'NOM_TEMP','TEMP','M8000',2,1,'C',20,40,255,210,180,140,1,1,0,19,2),(44,'2018-07-27 02:33:38.913754','2018-07-27 11:51:11.658858',0,0,'NOM_PULS_OXIM_SAT_O2','PLETH_SAT_O2','M8000',2,1,'%',90,100,255,135,206,250,1,1,0,10,2),(45,'2018-07-27 02:33:38.974793','2018-07-27 11:52:24.856408',0,0,'NOM_PLETH_PULS_RATE','PLETH_HR','M8000',2,1,'/min',30,150,255,135,206,250,1,1,0,9,2),(46,'2018-07-27 02:33:39.037224','2018-07-27 11:53:15.267769',0,0,'NOM_PULS_OXIM_PERF_REL','PERF_REL','M8000',2,1,'Unknown',0,1,255,135,206,250,1,1,0,0,2),(47,'2018-07-27 02:33:39.096961','2018-07-27 11:54:07.063521',0,0,'NOM_PRESS_BLD_ART_ABP_MEAN','ABP_MEAN','M8000',2,1,'mmHg',0,200,255,255,0,0,1,1,0,7,2),(48,'2018-07-27 02:33:39.148957','2018-07-27 11:55:41.893469',0,0,'NOM_PRESS_BLD_ART_ABP_SYS','ABP_SYS','M8000',2,1,'mmHg',0,200,255,255,0,0,1,1,0,5,2),(49,'2018-07-27 02:33:39.191573','2018-07-27 11:58:00.366022',0,0,'NOM_PRESS_BLD_ART_ABP_DIA','ABP_DIA','M8000',2,1,'mmHg',0,200,255,255,0,0,1,1,0,6,2),(50,'2018-07-27 02:33:39.230152','2018-07-28 01:10:50.891404',0,0,'NOM_PULS_RATE','HR','M8000',2,1,'/min',30,150,255,255,255,255,1,1,0,0,2),(51,'2018-07-27 02:33:39.273901','2018-07-27 11:59:54.678114',0,0,'NOM_PRESS_BLD_VEN_CENT_MEAN','CVP_MEAN','M8000',2,1,'mmHg',0,200,255,255,165,0,1,1,0,21,2),(52,'2018-07-27 02:33:39.325794','2018-07-27 12:01:12.447945',0,0,'NOM_PRESS_BLD_MEAN','MEAN','M8000',2,1,'mmHg',0,200,255,255,0,0,1,1,0,0,2),(53,'2018-07-27 02:33:39.375137','2018-07-27 12:01:56.907410',0,0,'NOM_PRESS_BLD_SYS','SYS','M8000',2,1,'mmHg',0,200,255,255,0,0,1,1,0,0,2),(54,'2018-07-27 02:33:39.429341','2018-07-27 12:02:24.750202',0,0,'NOM_PRESS_BLD_DIA','DIA','M8000',2,1,'mmHg',0,200,255,255,0,0,1,1,0,0,2),(55,'2018-08-10 02:14:03.207604','2018-08-10 02:14:03.207925',1,0,'NOM_ECG_AMPL_ST_V','','M8000',2,0,'',-100,100,255,255,255,255,0,1,0,0,2),(56,'2018-08-10 02:14:03.348432','2018-08-10 02:14:03.348584',1,0,'NOM_ECG_AMPL_ST_MCL','','M8000',2,0,'',-100,100,255,255,255,255,0,1,0,0,2),(57,'2018-08-16 06:39:07.875628','2018-09-04 04:57:12.865526',0,0,'NOM_AWAY_RESP_RATE','AWAY_RR','M8000',2,1,'rpm',0,50,255,255,255,255,0,1,0,14,2),(58,'2018-08-16 06:39:07.968728','2018-09-04 04:58:45.583599',0,0,'NOM_AWAY_CO2_ET','CO2_ET','M8000',2,1,'mmHg',0,100,255,255,255,255,0,1,0,13,2),(59,'2018-08-16 06:39:08.024029','2018-09-04 04:59:32.672539',0,0,'NOM_AWAY_CO2_INSP_MIN','CO2_INSP_MIN','M8000',2,1,'mmHg',0,100,255,255,255,255,0,1,0,13,2),(60,'2018-08-16 06:39:08.080662','2018-09-13 04:21:13.496263',0,0,'NOM_CONC_AWAY_O2_ET','CONC_O2_ET','M8000',2,1,'%',0,100,255,0,165,255,0,1,0,15,2),(61,'2018-08-16 06:39:08.126289','2018-09-13 04:21:36.732442',0,0,'NOM_CONC_AWAY_O2_INSP','CONC_O2_INSP','M8000',2,1,'%',0,100,255,0,165,255,0,1,0,15,2),(62,'2018-08-16 06:39:08.166741','2018-09-13 04:22:00.996737',0,0,'NOM_CONC_AWAY_N2O_ET','CONC_N2O_ET','M8000',2,1,'%',0,100,255,0,165,255,0,1,0,15,2),(63,'2018-08-16 06:39:08.219077','2018-09-13 04:22:35.507370',0,0,'NOM_CONC_AWAY_N2O_INSP','CONC_N2O_INSP','M8000',2,1,'%',0,100,255,0,165,255,0,1,0,15,2),(64,'2018-08-16 06:39:08.343348','2018-08-16 06:39:08.343705',1,0,'NOM_CONC_AWAY_AGENT_ET','','M8000',2,0,'',-100,100,255,255,255,255,0,1,0,0,2),(65,'2018-08-16 06:39:08.429237','2018-08-16 06:39:08.429361',1,0,'NOM_CONC_AWAY_AGENT_INSP','','M8000',2,0,'',-100,100,255,255,255,255,0,1,0,0,2),(66,'2018-08-16 06:39:46.358562','2018-08-16 06:39:46.358667',1,0,'Mean Breathing Pressure','','Primus',2,0,'',-100,100,255,255,255,255,0,1,0,0,3),(67,'2018-08-16 06:39:46.492453','2018-08-16 06:39:46.492558',1,0,'Consumption Enflurane (Liquid)','','Primus',2,0,'',-100,100,255,255,255,255,0,1,0,0,3),(68,'2018-08-16 06:39:47.027718','2018-08-16 06:39:47.027883',1,0,'Respiratory Rate (Pressure)','','Primus',2,0,'',-100,100,255,255,255,255,0,1,0,0,3),(69,'2018-08-16 06:39:47.290946','2018-08-16 06:39:47.291132',1,0,'Exp. Agent','','Primus',2,0,'',-100,100,255,255,255,255,0,1,0,0,3),(70,'2018-08-16 06:39:47.454539','2018-08-16 06:39:47.454645',1,0,'Peak Breathing Pressure','','Primus',2,0,'',-100,100,255,255,255,255,0,1,0,0,3),(71,'2018-08-16 06:39:47.548500','2018-08-16 06:39:47.548694',1,0,'Compliance','','Primus',2,0,'',-100,100,255,255,255,255,0,1,0,0,3),(72,'2018-08-16 06:39:47.707664','2018-08-16 06:39:47.707942',1,0,'Plateau Pressure','','Primus',2,0,'',-100,100,255,255,255,255,0,1,0,0,3),(73,'2018-08-16 06:39:47.986175','2018-08-16 06:39:47.986391',1,0,'Insp. Agent','','Primus',2,0,'',-100,100,255,255,255,255,0,1,0,0,3),(74,'2018-08-16 06:39:48.123086','2018-08-16 06:39:48.123236',1,0,'Respiratory Rate (CO2)','','Primus',2,0,'',-100,100,255,255,255,255,0,1,0,0,3),(75,'2018-08-16 06:39:48.595855','2018-08-16 06:39:48.596046',1,0,'Respiratory Rate (derived)','','Primus',2,0,'',-100,100,255,255,255,255,0,1,0,0,3),(76,'2018-08-16 06:39:48.676440','2018-08-16 06:39:48.676632',1,0,'Consumption Isoflurane (Liquid)','','Primus',2,0,'',-100,100,255,255,255,255,0,1,0,0,3),(77,'2018-08-16 06:39:48.773242','2018-08-16 06:39:48.773545',1,0,'Consumption Desflurane (Liquid)','','Primus',2,0,'',-100,100,255,255,255,255,0,1,0,0,3),(78,'2018-08-16 06:39:48.887321','2018-08-16 06:39:48.887555',1,0,'PEEP Breathing Pressure','','Primus',2,0,'',-100,100,255,255,255,255,0,1,0,0,3),(79,'2018-08-16 06:39:49.225391','2018-08-16 06:39:49.225575',1,0,'Respiratory Minute Volume','','Primus',2,0,'',-100,100,255,255,255,255,0,1,0,0,3),(80,'2018-08-16 06:39:49.297618','2018-08-16 06:39:49.297791',1,0,'Consumption Halothane (Liquid)','','Primus',2,0,'',-100,100,255,255,255,255,0,1,0,0,3),(81,'2018-08-16 06:39:49.496412','2018-08-16 06:39:49.496609',1,0,'Tidal Volume','','Primus',2,0,'',-100,100,255,255,255,255,0,1,0,0,3),(82,'2018-08-16 06:39:50.329648','2018-08-16 06:39:50.329863',1,0,'O2 Uptake','','Primus',2,0,'',-100,100,255,255,255,255,0,1,0,0,3),(83,'2018-08-16 06:39:50.426360','2018-08-16 06:39:50.426536',1,0,'Consumption Sevoflurane (Liquid)','','Primus',2,0,'',-100,100,255,255,255,255,0,1,0,0,3),(84,'2018-08-16 06:39:50.518113','2018-08-16 06:39:50.518307',1,0,'Insp. Tidal Volume','','Primus',2,0,'',-100,100,255,255,255,255,0,1,0,0,3),(85,'2018-08-16 06:39:50.718092','2018-08-16 06:39:50.718316',1,0,'Leakage','','Primus',2,0,'',-100,100,255,255,255,255,0,1,0,0,3),(86,'2018-08-22 02:52:24.463155','2018-08-22 02:52:24.463331',1,0,'NOM_CONC_AWAY_SEVOFL_ET','','M8000',2,0,'',-100,100,255,255,255,255,0,1,0,0,2),(87,'2018-08-22 02:52:24.584269','2018-08-22 02:52:24.584516',1,0,'NOM_CONC_AWAY_SEVOFL_INSP','','M8000',2,0,'',-100,100,255,255,255,255,0,1,0,0,2),(88,'2018-08-22 02:53:13.793763','2018-08-22 02:53:13.793981',1,0,'Insp. Sevoflurane','','Primus',2,0,'',-100,100,255,255,255,255,0,1,0,0,3),(89,'2018-08-22 02:53:14.783748','2018-08-22 02:53:14.783957',1,0,'Exp. Sevoflurane','','Primus',2,0,'',-100,100,255,255,255,255,0,1,0,0,3),(90,'2018-08-22 05:20:07.611170','2018-09-13 04:19:19.680805',0,0,'NOM_CONC_AWAY_DESFL_ET','CONC_DESFL_ET','M8000',2,1,'%',0,100,255,0,165,255,0,1,0,15,2),(91,'2018-08-22 05:20:07.693985','2018-09-13 04:18:57.272472',0,0,'NOM_CONC_AWAY_DESFL_INSP','CONC_DESFL_INSP','M8000',2,1,'%',0,100,255,0,165,255,0,1,0,15,2),(92,'2018-08-22 05:20:24.172580','2018-08-22 05:20:24.172731',1,0,'Insp. 2nd Agent','','Primus',2,0,'',-100,100,255,255,255,255,0,1,0,0,3),(93,'2018-08-22 05:20:24.274405','2018-08-22 05:20:24.274673',1,0,'2nd Insp. Agent','','Primus',2,0,'',-100,100,255,255,255,255,0,1,0,0,3),(94,'2018-08-22 05:20:24.357823','2018-08-22 05:20:24.357977',1,0,'2nd Exp. Agent','','Primus',2,0,'',-100,100,255,255,255,255,0,1,0,0,3),(95,'2018-08-22 05:20:24.459040','2018-08-22 05:20:24.459203',1,0,'Insp. Desflurane','','Primus',2,0,'',-100,100,255,255,255,255,0,1,0,0,3),(96,'2018-08-22 05:20:24.534585','2018-08-22 05:20:24.534803',1,0,'Exp. Desflurane','','Primus',2,0,'',-100,100,255,255,255,255,0,1,0,0,3),(97,'2018-08-22 05:20:24.669834','2018-08-22 05:20:24.670036',1,0,'Exp. 2nd Agent','','Primus',2,0,'',-100,100,255,255,255,255,0,1,0,0,3),(98,'2018-08-28 10:29:08.395855','2018-08-28 10:29:08.396031',1,0,'ECG_ELEC_POTL_AVF','','M8000',2,0,'',-100,100,255,255,255,255,0,1,0,0,2),(99,'2018-08-28 10:29:08.722981','2018-08-28 10:29:08.723270',1,0,'ECG_ELEC_POTL_III','','M8000',2,0,'',-100,100,255,255,255,255,0,1,0,0,2),(100,'2018-08-29 03:06:18.556112','2018-08-29 03:06:18.556320',1,0,'null','','M8000',2,0,'',-100,100,255,255,255,255,0,1,0,0,2),(101,'2018-08-29 03:13:57.545853','2018-08-29 03:13:57.546061',1,0,'Respiratory','','Primus',2,0,'',-100,100,255,255,255,255,0,1,0,0,3),(102,'2018-09-04 03:15:37.812243','2018-09-11 06:50:22.527146',0,0,'AWAY_CO2','CO2','M8000',1,6,'%',0,50,255,255,255,255,0,0.0166666666666667,-6.66666666666667,13,2),(103,'2018-09-06 07:25:49.915740','2018-09-06 07:25:49.915870',1,0,'NOM_CONC_AWAY_HALOTH_ET','','M8000',2,0,'',-100,100,255,255,255,255,0,1,0,0,2),(104,'2018-09-06 07:25:49.988305','2018-09-06 07:25:49.988550',1,0,'NOM_CONC_AWAY_HALOTH_INSP','','M8000',2,0,'',-100,100,255,255,255,255,0,1,0,0,2),(105,'2018-09-06 07:25:50.150202','2018-09-06 07:25:50.150369',1,0,'Insp. Halothane','','Primus',2,0,'',-100,100,255,255,255,255,0,1,0,0,3),(106,'2018-09-06 07:25:50.203167','2018-09-06 07:25:50.203389',1,0,'Exp. Halothane','','Primus',2,0,'',-100,100,255,255,255,255,0,1,0,0,3),(107,'2018-09-10 08:30:48.545301','2018-09-10 08:30:48.545540',1,0,'PRESS_BLD','','M8000',2,0,'',-100,100,255,255,255,255,0,1,0,0,2),(108,'2018-09-16 23:02:35.053337','2018-09-16 23:02:35.053495',1,0,'NAME09','','Primus',2,0,'',-100,100,255,255,255,255,0,1,0,0,3),(109,'2018-09-17 13:47:16.265676','2018-09-17 13:47:16.265798',1,0,'NOM_CONC_AWAY_ISOFL_ET','','M8000',2,0,'',-100,100,255,255,255,255,0,1,0,0,2),(110,'2018-09-17 13:47:16.343533','2018-09-17 13:47:16.343797',1,0,'NOM_CONC_AWAY_ISOFL_INSP','','M8000',2,0,'',-100,100,255,255,255,255,0,1,0,0,2),(111,'2018-09-28 02:31:43.568502','2018-09-28 02:31:43.568705',1,0,'NOM_TRAIN_OF_FOUR_1','','M8000',2,0,'',-100,100,255,255,255,255,0,1,0,0,2),(112,'2018-09-28 02:31:43.666910','2018-09-28 02:31:43.667024',1,0,'NOM_TRAIN_OF_FOUR_2','','M8000',2,0,'',-100,100,255,255,255,255,0,1,0,0,2),(113,'2018-09-28 02:31:43.750747','2018-09-28 02:31:43.750912',1,0,'NOM_TRAIN_OF_FOUR_3','','M8000',2,0,'',-100,100,255,255,255,255,0,1,0,0,2),(114,'2018-09-28 02:31:43.861548','2018-09-28 02:31:43.861723',1,0,'NOM_TRAIN_OF_FOUR_4','','M8000',2,0,'',-100,100,255,255,255,255,0,1,0,0,2),(115,'2018-09-28 02:31:43.972799','2018-09-28 02:31:43.972984',1,0,'NOM_TRAIN_OF_FOUR_CNT','','M8000',2,0,'',-100,100,255,255,255,255,0,1,0,0,2),(116,'2018-09-28 02:52:39.819154','2018-09-28 02:52:39.819331',1,0,'NOM_RATIO_TRAIN_OF_FOUR','','M8000',2,0,'',-100,100,255,255,255,255,0,1,0,0,2),(117,'2018-09-28 03:03:07.221197','2018-09-28 03:03:07.221325',1,0,'Unknown','','M8000',2,0,'',-100,100,255,255,255,255,0,1,0,0,2),(118,'2018-09-28 03:03:09.080831','2018-09-28 03:03:09.080954',1,0,'NOM_PRESS_BLD_ART_MEAN','','M8000',2,0,'',-100,100,255,255,255,255,0,1,0,0,2),(119,'2018-09-28 03:03:09.151734','2018-09-28 03:03:09.151880',1,0,'NOM_PRESS_BLD_ART_SYS','','M8000',2,0,'',-100,100,255,255,255,255,0,1,0,0,2),(120,'2018-09-28 03:03:09.270043','2018-09-28 03:03:09.270293',1,0,'NOM_PRESS_BLD_ART_DIA','','M8000',2,0,'',-100,100,255,255,255,255,0,1,0,0,2),(121,'2018-10-04 12:07:52.920044','2018-10-04 12:07:52.920239',1,0,'NOM_TEMP_RECT','','M8000',2,0,'',-100,100,255,255,255,255,0,1,0,0,2),(122,'2018-10-10 00:23:11.056005','2018-10-10 00:23:11.056172',1,0,'NOM_VENT_CONC_AWAY_O2_INSP','','M8000',2,0,'',-100,100,255,255,255,255,0,1,0,0,2),(123,'2018-10-10 00:23:11.121405','2018-10-10 00:23:11.121554',1,0,'NOM_VOL_AWAY_INSP_TIDAL','','M8000',2,0,'',-100,100,255,255,255,255,0,1,0,0,2),(124,'2018-10-10 00:23:11.265923','2018-10-10 00:23:11.266283',1,0,'NOM_SETT_VENT_TIME_PD_INSP','','M8000',2,0,'',-100,100,255,255,255,255,0,1,0,0,2),(125,'2018-10-10 00:23:11.421983','2018-10-10 00:23:11.422169',1,0,'NOM_SETT_VENT_PRESS_AWAY_END_EXP_POS_INTERMIT','','M8000',2,0,'',-100,100,255,255,255,255,0,1,0,0,2),(126,'2018-10-10 00:23:11.603198','2018-10-10 00:23:11.608186',1,0,'NOM_TIME_PD_RESP_PLAT','','M8000',2,0,'',-100,100,255,255,255,255,0,1,0,0,2),(127,'2018-10-10 00:23:11.714942','2018-10-10 00:23:11.715160',1,0,'NOM_VENT_TIME_PD_RAMP','','M8000',2,0,'',-100,100,255,255,255,255,0,1,0,0,2),(128,'2018-10-10 00:23:11.826533','2018-10-10 00:23:11.826713',1,0,'NOM_FLOW_AWAY_TOT','','M8000',2,0,'',-100,100,255,255,255,255,0,1,0,0,2),(129,'2018-10-10 01:42:23.586333','2018-10-10 01:42:23.586532',1,0,'NOM_TEMP_ESOPH','','M8000',2,0,'',-100,100,255,255,255,255,0,1,0,0,2),(130,'2018-10-10 04:13:50.652752','2018-10-10 04:13:50.652955',1,0,'NOM_VENT_PRESS_AWAY_PV','','M8000',2,0,'',-100,100,255,255,255,255,0,1,0,0,2),(131,'2018-10-10 04:13:50.730289','2018-10-10 04:13:50.730452',1,0,'NOM_SETT_VENT_FLOW_INSP_TRIG','','M8000',2,0,'',-100,100,255,255,255,255,0,1,0,0,2),(132,'2018-10-17 09:15:46.811662','2018-10-17 09:15:46.811768',1,0,'NOM_CONC_AWAY_ENFL_ET','','M8000',2,0,'',-100,100,255,255,255,255,0,1,0,0,2),(133,'2018-10-17 09:15:46.899006','2018-10-17 09:15:46.899110',1,0,'NOM_CONC_AWAY_ENFL_INSP','','M8000',2,0,'',-100,100,255,255,255,255,0,1,0,0,2),(134,'2018-10-21 23:13:34.823330','2018-10-21 23:13:34.823436',1,0,'Insp. Enflurane','','Primus',2,0,'',-100,100,255,255,255,255,0,1,0,0,3),(135,'2018-10-21 23:13:34.987151','2018-10-21 23:13:34.987256',1,0,'Exp. Enflurane','','Primus',2,0,'',-100,100,255,255,255,255,0,1,0,0,3),(136,'2018-11-06 23:38:46.838863','2018-11-06 23:38:46.838966',1,0,'NOM_PTC_CNT','','M8000',2,0,'',-100,100,255,255,255,255,0,1,0,0,2),(190,'2018-11-11 13:10:27.431520','2018-11-11 13:10:27.431556',0,0,'TestChannelKnown','TestChannelKnown','TestDevice',2,0,'%',-100,100,255,255,255,255,0,1,0,0,1),(191,'2018-11-11 13:10:43.487300','2018-11-11 13:10:43.487337',1,0,'TestChannelUnknown','TestChannelUnknown','TestDevice',2,0,'%',-100,100,255,255,255,255,0,1,0,0,1),(192,'2018-11-14 14:32:01.310758','2018-11-14 14:32:01.310874',1,0,'LocalTestChannelKnown','','TestDevice',2,0,'',-100,100,255,255,255,255,0,1,0,0,1),(193,'2018-11-15 01:57:09.651390','2018-11-15 01:57:09.651480',1,0,'TestChannelNewClient','','LocalTestDevice',2,0,'',-100,100,255,255,255,255,0,1,0,0,13),(194,'2018-11-15 04:55:03.442392','2018-11-15 04:55:03.442477',1,0,'LocalTestChannelKnown','','LocalTestDevice',2,0,'',-100,100,255,255,255,255,0,1,0,0,13),(195,'2018-11-15 04:56:36.182514','2018-11-15 04:56:36.182591',1,0,'LocalTestChannelUnknown','','LocalTestDevice',2,0,'',-100,100,255,255,255,255,0,1,0,0,13),(196,'2018-11-21 14:32:48.079889','2018-11-21 14:32:48.079997',1,0,'CO2_AMB_PRESS','','s5',2,0,'',-100,100,255,255,255,255,0,1,0,0,8),(197,'2018-11-21 14:32:48.255614','2018-11-21 14:32:48.255727',1,0,'SPI','','s5',2,0,'',-100,100,255,255,255,255,0,1,0,0,8),(198,'2018-11-21 14:34:26.831566','2018-11-21 14:34:26.831612',1,0,'CO2_ET','','s5',2,0,'',-100,100,255,255,255,255,0,1,0,0,8),(199,'2018-11-21 14:34:26.910130','2018-11-21 14:34:26.910267',1,0,'CO2_FI','','s5',2,0,'',-100,100,255,255,255,255,0,1,0,0,8),(200,'2018-11-21 14:34:26.990379','2018-11-21 14:34:26.990490',1,0,'O2_ET','','s5',2,0,'',-100,100,255,255,255,255,0,1,0,0,8),(201,'2018-11-21 14:34:27.068496','2018-11-21 14:34:27.068606',1,0,'O2_FI','','s5',2,0,'',-100,100,255,255,255,255,0,1,0,0,8),(202,'2018-11-21 14:34:27.156293','2018-11-21 14:34:27.156404',1,0,'N2O_ET','','s5',2,0,'',-100,100,255,255,255,255,0,1,0,0,8),(203,'2018-11-21 14:34:27.234328','2018-11-21 14:34:27.234436',1,0,'N2O_FI','','s5',2,0,'',-100,100,255,255,255,255,0,1,0,0,8),(204,'2018-11-21 14:37:02.927613','2018-11-21 14:37:02.927760',1,0,'AGENT_MAC','','s5',2,0,'',-100,100,255,255,255,255,0,1,0,0,8),(205,'2018-11-21 14:37:03.102183','2018-11-21 14:37:03.102361',1,0,'MAC_AGE','','s5',2,0,'',-100,100,255,255,255,255,0,1,0,0,8),(206,'2018-11-21 14:37:06.420161','2018-11-21 14:37:06.420275',1,0,'AGENT_ET','','s5',2,0,'',-100,100,255,255,255,255,0,1,0,0,8),(207,'2018-11-21 14:37:06.498694','2018-11-21 14:37:06.498733',1,0,'AGENT_FI','','s5',2,0,'',-100,100,255,255,255,255,0,1,0,0,8),(208,'2018-11-21 14:37:06.565417','2018-11-21 14:37:06.565524',1,0,'BAL_GAS_ET','','s5',2,0,'',-100,100,255,255,255,255,0,1,0,0,8),(209,'2018-11-21 23:04:20.501612','2018-11-21 23:04:20.501742',1,0,'Respiratory Rate (Volume/Flow)','','Primus',2,0,'',-100,100,255,255,255,255,0,1,0,0,3),(210,'2018-11-21 23:09:56.968798','2018-11-21 23:09:56.968944',1,0,'ECG1','','s5',2,0,'',-100,100,255,255,255,255,0,1,0,0,8),(211,'2018-11-21 23:10:12.676736','2018-11-21 23:10:12.676876',1,0,'ECG_HR','','s5',2,0,'',-100,100,255,255,255,255,0,1,0,0,8),(212,'2018-11-21 23:10:12.779144','2018-11-21 23:10:12.779256',1,0,'ARRH_ECG_HR','','s5',2,0,'',-100,100,255,255,255,255,0,1,0,0,8),(213,'2018-11-21 23:10:15.677614','2018-11-21 23:10:15.677725',1,0,'ECG_ST_II','','s5',2,0,'',-100,100,255,255,255,255,0,1,0,0,8),(214,'2018-11-21 23:11:25.312698','2018-11-21 23:11:25.312808',1,0,'NIBP_SYS','','s5',2,0,'',-100,100,255,255,255,255,0,1,0,0,8),(215,'2018-11-21 23:11:25.387719','2018-11-21 23:11:25.387829',1,0,'NIBP_DIA','','s5',2,0,'',-100,100,255,255,255,255,0,1,0,0,8),(216,'2018-11-21 23:11:25.467134','2018-11-21 23:11:25.467245',1,0,'NIBP_MEAN','','s5',2,0,'',-100,100,255,255,255,255,0,1,0,0,8),(217,'2018-11-21 23:11:48.667146','2018-11-21 23:11:48.667253',1,0,'ECG_HR_ECG','','s5',2,0,'',-100,100,255,255,255,255,0,1,0,0,8),(218,'2018-11-21 23:11:48.745400','2018-11-21 23:11:48.745577',1,0,'ECG_HR_MAX','','s5',2,0,'',-100,100,255,255,255,255,0,1,0,0,8),(219,'2018-11-21 23:12:57.795249','2018-11-21 23:12:57.795363',1,0,'PLETH_SPO2','','s5',2,0,'',-100,100,255,255,255,255,0,1,0,0,8),(220,'2018-11-21 23:12:57.893094','2018-11-21 23:12:57.893206',1,0,'PLETH_HR','','s5',2,0,'',-100,100,255,255,255,255,0,1,0,0,8),(221,'2018-11-21 23:12:57.971599','2018-11-21 23:12:57.971642',1,0,'PLETH_IR_AMP','','s5',2,0,'',-100,100,255,255,255,255,0,1,0,0,8),(222,'2018-11-21 23:15:18.825543','2018-11-21 23:15:18.825649',1,0,'NMT_T1','','s5',2,0,'',-100,100,255,255,255,255,0,1,0,0,8),(223,'2018-11-21 23:15:39.678302','2018-11-21 23:15:39.678408',1,0,'CO2_RR','','s5',2,0,'',-100,100,255,255,255,255,0,1,0,0,8),(224,'2018-11-21 23:16:09.769612','2018-11-21 23:16:09.769789',1,0,'AGENT_NAME','','s5',2,0,'',-100,100,255,255,255,255,0,1,0,0,8),(225,'2018-11-21 23:17:00.682994','2018-11-21 23:17:00.683106',1,0,'NMT_COUNT','','s5',2,0,'',-100,100,255,255,255,255,0,1,0,0,8),(226,'2018-11-21 23:17:00.756044','2018-11-21 23:17:00.756154',1,0,'NMT_T2','','s5',2,0,'',-100,100,255,255,255,255,0,1,0,0,8),(227,'2018-11-21 23:17:00.833670','2018-11-21 23:17:00.833778',1,0,'NMT_T3','','s5',2,0,'',-100,100,255,255,255,255,0,1,0,0,8),(228,'2018-11-21 23:17:00.920974','2018-11-21 23:17:00.921085',1,0,'NMT_T4','','s5',2,0,'',-100,100,255,255,255,255,0,1,0,0,8),(229,'2018-11-21 23:21:39.888725','2018-11-21 23:21:39.888873',1,0,'T1','','s5',2,0,'',-100,100,255,255,255,255,0,1,0,0,8),(230,'2018-11-22 02:32:22.100206','2018-11-22 02:32:22.100316',1,0,'ARRH_ECG_STATUS','','s5',2,0,'',-100,100,255,255,255,255,0,1,0,0,8),(231,'2018-11-22 22:31:25.406410','2018-11-22 22:31:25.406522',1,0,'INVP5','','s5',2,0,'',-100,100,255,255,255,255,0,1,0,0,8),(232,'2018-11-22 23:15:38.691058','2018-11-22 23:15:38.691167',1,0,'SaO2','','s5',2,0,'',-100,100,255,255,255,255,0,1,0,0,8),(233,'2018-11-22 23:15:44.495028','2018-11-22 23:15:44.495139',1,0,'INVP6_NOTDEFINED_SYS','','s5',2,0,'',-100,100,255,255,255,255,0,1,0,0,8),(234,'2018-11-22 23:15:44.606668','2018-11-22 23:15:44.606780',1,0,'INVP6_NOTDEFINED_DIA','','s5',2,0,'',-100,100,255,255,255,255,0,1,0,0,8),(235,'2018-11-22 23:15:44.695432','2018-11-22 23:15:44.695540',1,0,'INVP6_NOTDEFINED_MEAN','','s5',2,0,'',-100,100,255,255,255,255,0,1,0,0,8),(236,'2018-11-22 23:15:44.787928','2018-11-22 23:15:44.788039',1,0,'INVP6_NOTDEFINED_HR','','s5',2,0,'',-100,100,255,255,255,255,0,1,0,0,8),(237,'2018-11-22 23:15:47.593200','2018-11-22 23:15:47.593304',1,0,'INVP5_NOTDEFINED_SYS','','s5',2,0,'',-100,100,255,255,255,255,0,1,0,0,8),(238,'2018-11-22 23:15:47.666925','2018-11-22 23:15:47.666968',1,0,'INVP5_NOTDEFINED_DIA','','s5',2,0,'',-100,100,255,255,255,255,0,1,0,0,8),(239,'2018-11-22 23:15:47.736974','2018-11-22 23:15:47.737080',1,0,'INVP5_NOTDEFINED_MEAN','','s5',2,0,'',-100,100,255,255,255,255,0,1,0,0,8),(240,'2018-11-22 23:15:47.819505','2018-11-22 23:15:47.819613',1,0,'INVP5_NOTDEFINED_HR','','s5',2,0,'',-100,100,255,255,255,255,0,1,0,0,8),(241,'2018-11-22 23:16:17.486948','2018-11-22 23:16:17.487058',1,0,'SPV','','s5',2,0,'',-100,100,255,255,255,255,0,1,0,0,8),(242,'2018-11-22 23:16:17.569047','2018-11-22 23:16:17.569159',1,0,'PPV','','s5',2,0,'',-100,100,255,255,255,255,0,1,0,0,8),(243,'2018-11-26 07:02:16.973506','2018-11-26 07:02:16.973615',1,0,'CHANNEL_NAME','','DeviceName',2,0,'',-100,100,255,255,255,255,0,1,0,0,5),(244,'2018-11-30 01:22:04.027914','2018-11-30 01:22:04.028021',1,0,'INVP5__SYS','','s5',2,0,'',-100,100,255,255,255,255,0,1,0,0,8),(245,'2018-11-30 01:22:04.197012','2018-11-30 01:22:04.197121',1,0,'INVP5__DIA','','s5',2,0,'',-100,100,255,255,255,255,0,1,0,0,8),(246,'2018-11-30 01:22:04.375723','2018-11-30 01:22:04.375835',1,0,'INVP5__MEAN','','s5',2,0,'',-100,100,255,255,255,255,0,1,0,0,8),(247,'2018-11-30 01:22:04.548221','2018-11-30 01:22:04.548327',1,0,'INVP5__HR','','s5',2,0,'',-100,100,255,255,255,255,0,1,0,0,8),(248,'2018-11-30 01:22:04.708555','2018-11-30 01:22:04.708666',1,0,'INVP6__SYS','','s5',2,0,'',-100,100,255,255,255,255,0,1,0,0,8),(249,'2018-11-30 01:22:04.888276','2018-11-30 01:22:04.888390',1,0,'INVP6__DIA','','s5',2,0,'',-100,100,255,255,255,255,0,1,0,0,8),(250,'2018-11-30 01:22:05.053877','2018-11-30 01:22:05.053986',1,0,'INVP6__MEAN','','s5',2,0,'',-100,100,255,255,255,255,0,1,0,0,8),(251,'2018-11-30 01:22:05.227697','2018-11-30 01:22:05.227804',1,0,'INVP6__HR','','s5',2,0,'',-100,100,255,255,255,255,0,1,0,0,8),(252,'2018-12-03 05:19:40.826330','2018-12-03 05:19:40.826447',1,0,'SWING_42_123','','synth',2,0,'',-100,100,255,255,255,255,0,1,0,0,6),(253,'2018-12-03 05:19:41.002372','2018-12-03 05:19:41.002484',1,0,'IBP','','synth',2,0,'',-100,100,255,255,255,255,0,1,0,0,6),(254,'2018-12-03 05:19:41.145418','2018-12-03 05:19:41.145530',1,0,'SINE_WAVE','','synth',2,0,'',-100,100,255,255,255,255,0,1,0,0,6),(255,'2018-12-03 08:43:14.976553','2018-12-03 08:43:14.976665',1,0,'SWING_42_123\0\0\0\0','','synth.s',2,0,'',-100,100,255,255,255,255,0,1,0,0,7),(256,'2018-12-03 08:43:15.139025','2018-12-03 08:43:15.139131',1,0,'IBP\0\0\0\0\0\0\0\0\0\0\0\0\0','','synth.s',2,0,'',-100,100,255,255,255,255,0,1,0,0,7),(257,'2018-12-03 08:43:15.212545','2018-12-03 08:43:15.212656',1,0,'SINE_WAVE\0\0\0\0\0\0\0','','synth.s',2,0,'',-100,100,255,255,255,255,0,1,0,0,7),(258,'2018-12-05 11:19:43.773900','2018-12-05 11:19:43.774023',1,0,'INVP6_P5_SYS','','s5',2,0,'',-100,100,255,255,255,255,0,1,0,0,8),(259,'2018-12-05 11:19:43.933289','2018-12-05 11:19:43.933353',1,0,'INVP6_P5_DIA','','s5',2,0,'',-100,100,255,255,255,255,0,1,0,0,8),(260,'2018-12-05 11:19:44.132408','2018-12-05 11:19:44.132514',1,0,'INVP6_P5_MEAN','','s5',2,0,'',-100,100,255,255,255,255,0,1,0,0,8),(261,'2018-12-05 11:19:44.203293','2018-12-05 11:19:44.203405',1,0,'INVP6_P5_HR','','s5',2,0,'',-100,100,255,255,255,255,0,1,0,0,8),(262,'2018-12-05 11:19:54.617653','2018-12-05 11:19:54.617760',1,0,'eegPSI','','root',2,0,'',-100,100,255,255,255,255,0,1,0,0,9),(263,'2018-12-05 11:19:54.675077','2018-12-05 11:19:54.675190',1,0,'eegEMG','','root',2,0,'',-100,100,255,255,255,255,0,1,0,0,9),(264,'2018-12-05 11:19:54.732566','2018-12-05 11:19:54.732678',1,0,'eegSR','','root',2,0,'',-100,100,255,255,255,255,0,1,0,0,9),(265,'2018-12-05 11:19:54.789916','2018-12-05 11:19:54.790473',1,0,'eegSEFL','','root',2,0,'',-100,100,255,255,255,255,0,1,0,0,9),(266,'2018-12-05 11:19:54.848716','2018-12-05 11:19:54.848828',1,0,'eegSEFR','','root',2,0,'',-100,100,255,255,255,255,0,1,0,0,9),(267,'2018-12-05 11:19:54.909406','2018-12-05 11:19:54.909512',1,0,'eegARTF','','root',2,0,'',-100,100,255,255,255,255,0,1,0,0,9),(268,'2018-12-06 02:18:43.549507','2018-12-06 02:18:43.549616',1,0,'ECG_ST_III','','s5',2,0,'',-100,100,255,255,255,255,0,1,0,0,8),(269,'2018-12-06 11:00:27.651315','2018-12-06 11:00:27.651424',1,0,'CO_STAT','','ifmout',2,0,'',-100,100,255,255,255,255,0,1,0,0,14),(270,'2018-12-06 11:00:27.757771','2018-12-06 11:00:27.757886',1,0,'CO','','ifmout',2,0,'',-100,100,255,255,255,255,0,1,0,0,14),(271,'2018-12-06 11:00:27.846764','2018-12-06 11:00:27.846880',1,0,'SVI','','ifmout',2,0,'',-100,100,255,255,255,255,0,1,0,0,14),(272,'2018-12-06 11:00:27.921497','2018-12-06 11:00:27.921604',1,0,'MAP_AVG','','ifmout',2,0,'',-100,100,255,255,255,255,0,1,0,0,14),(273,'2018-12-06 11:00:28.000348','2018-12-06 11:00:28.000460',1,0,'RVEF','','ifmout',2,0,'',-100,100,255,255,255,255,0,1,0,0,14),(274,'2018-12-06 11:00:28.090487','2018-12-06 11:00:28.090600',1,0,'RVEF_STAT','','ifmout',2,0,'',-100,100,255,255,255,255,0,1,0,0,14),(275,'2018-12-06 11:00:28.167754','2018-12-06 11:00:28.167867',1,0,'HR_AVG','','ifmout',2,0,'',-100,100,255,255,255,255,0,1,0,0,14),(276,'2018-12-06 11:00:28.264622','2018-12-06 11:00:28.264730',1,0,'SNR','','ifmout',2,0,'',-100,100,255,255,255,255,0,1,0,0,14),(277,'2018-12-06 11:00:28.353428','2018-12-06 11:00:28.353538',1,0,'EDVI_STAT','','ifmout',2,0,'',-100,100,255,255,255,255,0,1,0,0,14),(278,'2018-12-06 11:00:28.434721','2018-12-06 11:00:28.434837',1,0,'SvO2','','ifmout',2,0,'',-100,100,255,255,255,255,0,1,0,0,14),(279,'2018-12-06 11:00:28.734375','2018-12-06 11:00:28.734489',1,0,'CI_STAT','','ifmout',2,0,'',-100,100,255,255,255,255,0,1,0,0,14),(280,'2018-12-06 11:00:29.020523','2018-12-06 11:00:29.020636',1,0,'SVR','','ifmout',2,0,'',-100,100,255,255,255,255,0,1,0,0,14),(281,'2018-12-06 11:00:29.104923','2018-12-06 11:00:29.105037',1,0,'CI','','ifmout',2,0,'',-100,100,255,255,255,255,0,1,0,0,14),(282,'2018-12-06 11:00:29.185497','2018-12-06 11:00:29.185603',1,0,'SQI','','ifmout',2,0,'',-100,100,255,255,255,255,0,1,0,0,14),(283,'2018-12-06 11:00:29.266630','2018-12-06 11:00:29.266743',1,0,'EDV','','ifmout',2,0,'',-100,100,255,255,255,255,0,1,0,0,14),(284,'2018-12-06 11:00:29.327631','2018-12-06 11:00:29.327742',1,0,'EDV_STAT','','ifmout',2,0,'',-100,100,255,255,255,255,0,1,0,0,14),(285,'2018-12-06 11:00:29.408224','2018-12-06 11:00:29.408336',1,0,'CVP','','ifmout',2,0,'',-100,100,255,255,255,255,0,1,0,0,14),(286,'2018-12-06 11:00:29.481499','2018-12-06 11:00:29.481605',1,0,'ESVI','','ifmout',2,0,'',-100,100,255,255,255,255,0,1,0,0,14),(287,'2018-12-06 11:00:29.611915','2018-12-06 11:00:29.611993',1,0,'SVRI','','ifmout',2,0,'',-100,100,255,255,255,255,0,1,0,0,14),(288,'2018-12-06 11:00:29.693995','2018-12-06 11:00:29.694108',1,0,'SV','','ifmout',2,0,'',-100,100,255,255,255,255,0,1,0,0,14),(289,'2018-12-06 11:00:29.747865','2018-12-06 11:00:29.747934',1,0,'BT','','ifmout',2,0,'',-100,100,255,255,255,255,0,1,0,0,14),(290,'2018-12-06 11:00:29.823157','2018-12-06 11:00:29.823271',1,0,'ESV','','ifmout',2,0,'',-100,100,255,255,255,255,0,1,0,0,14),(291,'2018-12-06 11:37:14.034107','2018-12-06 11:37:14.034222',1,0,'SVV','','ifmout',2,0,'',-100,100,255,255,255,255,0,1,0,0,14),(292,'2018-12-07 06:08:11.890612','2018-12-07 06:08:11.890691',1,0,'SVI','','EV1000',2,0,'',-100,100,255,255,255,255,0,1,0,0,11),(293,'2018-12-07 06:08:11.959127','2018-12-07 06:08:11.959237',1,0,'SVV','','EV1000',2,0,'',-100,100,255,255,255,255,0,1,0,0,11),(294,'2018-12-07 06:08:12.040990','2018-12-07 06:08:12.041102',1,0,'MAP_AVG','','EV1000',2,0,'',-100,100,255,255,255,255,0,1,0,0,11),(295,'2018-12-07 06:08:12.126662','2018-12-07 06:08:12.126775',1,0,'CO','','EV1000',2,0,'',-100,100,255,255,255,255,0,1,0,0,11),(296,'2018-12-07 06:08:12.206239','2018-12-07 06:08:12.206350',1,0,'SVR','','EV1000',2,0,'',-100,100,255,255,255,255,0,1,0,0,11),(297,'2018-12-07 06:08:12.292930','2018-12-07 06:08:12.293039',1,0,'CI','','EV1000',2,0,'',-100,100,255,255,255,255,0,1,0,0,11),(298,'2018-12-07 06:08:12.374562','2018-12-07 06:08:12.374670',1,0,'CVP','','EV1000',2,0,'',-100,100,255,255,255,255,0,1,0,0,11),(299,'2018-12-07 06:08:12.463034','2018-12-07 06:08:12.463141',1,0,'SV','','EV1000',2,0,'',-100,100,255,255,255,255,0,1,0,0,11),(300,'2018-12-07 06:08:12.596070','2018-12-07 06:08:12.596178',1,0,'SVRI','','EV1000',2,0,'',-100,100,255,255,255,255,0,1,0,0,11),(301,'2018-12-07 06:08:55.867860','2018-12-07 06:08:55.867971',1,0,'INVP5_UNKNOWN_SYS','','s5',2,0,'',-100,100,255,255,255,255,0,1,0,0,8),(302,'2018-12-07 06:08:55.935088','2018-12-07 06:08:55.935200',1,0,'INVP5_UNKNOWN_DIA','','s5',2,0,'',-100,100,255,255,255,255,0,1,0,0,8),(303,'2018-12-07 06:08:55.999544','2018-12-07 06:08:55.999655',1,0,'INVP5_UNKNOWN_MEAN','','s5',2,0,'',-100,100,255,255,255,255,0,1,0,0,8),(304,'2018-12-07 06:08:56.114366','2018-12-07 06:08:56.114482',1,0,'INVP5_UNKNOWN_HR','','s5',2,0,'',-100,100,255,255,255,255,0,1,0,0,8),(305,'2018-12-07 06:09:04.857810','2018-12-07 06:09:04.857922',1,0,'INVP6_UNKNOWN_SYS','','s5',2,0,'',-100,100,255,255,255,255,0,1,0,0,8),(306,'2018-12-07 06:09:04.924558','2018-12-07 06:09:04.924672',1,0,'INVP6_UNKNOWN_DIA','','s5',2,0,'',-100,100,255,255,255,255,0,1,0,0,8),(307,'2018-12-07 06:09:04.989204','2018-12-07 06:09:04.989319',1,0,'INVP6_UNKNOWN_MEAN','','s5',2,0,'',-100,100,255,255,255,255,0,1,0,0,8),(308,'2018-12-07 06:09:05.075704','2018-12-07 06:09:05.075819',1,0,'INVP6_UNKNOWN_HR','','s5',2,0,'',-100,100,255,255,255,255,0,1,0,0,8),(309,'2018-12-07 06:47:16.732660','2018-12-07 06:47:16.732771',1,0,'?eegARTF','','root',2,0,'',-100,100,255,255,255,255,0,1,0,0,9),(310,'2018-12-07 08:01:35.779438','2018-12-07 08:01:35.779555',1,0,'ECG_HR_MIN','','s5',2,0,'',-100,100,255,255,255,255,0,1,0,0,8),(311,'2018-12-07 11:13:17.948610','2018-12-07 11:13:17.948720',1,0,'NOM_PRESS_CEREB_PERF','','M8000',2,0,'',-100,100,255,255,255,255,0,1,0,0,2),(312,'2018-12-07 11:13:18.990882','2018-12-07 11:13:18.990990',1,0,'NOM_PRESS_BLD_ART_PULM_MEAN','','M8000',2,0,'',-100,100,255,255,255,255,0,1,0,0,2),(313,'2018-12-07 11:13:19.063078','2018-12-07 11:13:19.063263',1,0,'NOM_PRESS_BLD_ART_PULM_SYS','','M8000',2,0,'',-100,100,255,255,255,255,0,1,0,0,2),(314,'2018-12-07 11:13:19.612630','2018-12-07 11:13:19.612743',1,0,'NOM_PRESS_BLD_ART_PULM_DIA','','M8000',2,0,'',-100,100,255,255,255,255,0,1,0,0,2),(315,'2018-12-07 11:13:19.750915','2018-12-07 11:13:19.751023',1,0,'NOM_PRESS_INTRA_CRAN_MEAN','','M8000',2,0,'',-100,100,255,255,255,255,0,1,0,0,2),(316,'2018-12-07 11:14:00.430143','2018-12-07 11:14:00.430256',1,0,'SR','','bis',2,0,'',-100,100,255,255,255,255,0,1,0,0,12),(317,'2018-12-07 11:14:00.513035','2018-12-07 11:14:00.513083',1,0,'SEF','','bis',2,0,'',-100,100,255,255,255,255,0,1,0,0,12),(318,'2018-12-07 11:14:00.572413','2018-12-07 11:14:00.572452',1,0,'SQI','','bis',2,0,'',-100,100,255,255,255,255,0,1,0,0,12),(319,'2018-12-07 11:14:00.649039','2018-12-07 11:14:00.649151',1,0,'EEG1_WAV','','bis',2,0,'',-100,100,255,255,255,255,0,1,0,0,12),(320,'2018-12-07 11:14:00.716646','2018-12-07 11:14:00.716759',1,0,'EEG2_WAV','','bis',2,0,'',-100,100,255,255,255,255,0,1,0,0,12),(321,'2018-12-08 05:22:33.476912','2018-12-08 05:22:33.477027',1,0,'BIS','','bis',2,0,'',-100,100,255,255,255,255,0,1,0,0,12),(322,'2018-12-08 05:22:33.606634','2018-12-08 05:22:33.606764',1,0,'TOTPOW','','bis',2,0,'',-100,100,255,255,255,255,0,1,0,0,12),(323,'2018-12-08 05:22:33.684846','2018-12-08 05:22:33.684958',1,0,'EMG','','bis',2,0,'',-100,100,255,255,255,255,0,1,0,0,12),(324,'2018-12-09 23:13:24.795258','2018-12-09 23:13:24.795366',1,0,'?eegPSI','','root',2,0,'',-100,100,255,255,255,255,0,1,0,0,9),(325,'2018-12-09 23:13:25.238209','2018-12-09 23:13:25.238321',1,0,'?eegEMG','','root',2,0,'',-100,100,255,255,255,255,0,1,0,0,9),(326,'2018-12-09 23:13:25.302659','2018-12-09 23:13:25.302701',1,0,'?eegSR','','root',2,0,'',-100,100,255,255,255,255,0,1,0,0,9),(327,'2018-12-09 23:13:25.368887','2018-12-09 23:13:25.368995',1,0,'?eegSEFL','','root',2,0,'',-100,100,255,255,255,255,0,1,0,0,9),(328,'2018-12-09 23:13:25.437873','2018-12-09 23:13:25.437982',1,0,'?eegSEFR','','root',2,0,'',-100,100,255,255,255,255,0,1,0,0,9),(329,'2018-12-10 03:16:48.308126','2018-12-10 03:16:48.308233',1,0,'NOM_RIGHT_HEART_FRACT_EJECT','','M8000',2,0,'',-100,100,255,255,255,255,0,1,0,0,2),(330,'2018-12-10 03:16:48.536496','2018-12-10 03:16:48.536607',1,0,'NOM_VOL_VENT_L_END_SYS','','M8000',2,0,'',-100,100,255,255,255,255,0,1,0,0,2),(331,'2018-12-10 03:16:48.604107','2018-12-10 03:16:48.604213',1,0,'NOM_VOL_VENT_L_END_SYS_INDEX','','M8000',2,0,'',-100,100,255,255,255,255,0,1,0,0,2),(332,'2018-12-10 03:16:48.676410','2018-12-10 03:16:48.676522',1,0,'NOM_VOL_BLD_STROKE','','M8000',2,0,'',-100,100,255,255,255,255,0,1,0,0,2),(333,'2018-12-10 03:16:48.737270','2018-12-10 03:16:48.737384',1,0,'NOM_VOL_BLD_STROKE_INDEX','','M8000',2,0,'',-100,100,255,255,255,255,0,1,0,0,2),(334,'2018-12-10 06:27:29.042055','2018-12-10 06:27:29.042165',1,0,'SPO2','','root',2,0,'',-100,100,255,255,255,255,0,1,0,0,9),(335,'2018-12-10 06:27:29.112102','2018-12-10 06:27:29.112213',1,0,'BPM','','root',2,0,'',-100,100,255,255,255,255,0,1,0,0,9),(336,'2018-12-10 06:27:29.476526','2018-12-10 06:27:29.476706',1,0,'PI','','root',2,0,'',-100,100,255,255,255,255,0,1,0,0,9),(337,'2018-12-10 06:27:29.561998','2018-12-10 06:27:29.562110',1,0,'PVI','','root',2,0,'',-100,100,255,255,255,255,0,1,0,0,9),(338,'2018-12-10 06:27:33.320501','2018-12-10 06:27:33.320608',1,0,'SPMET','','root',2,0,'',-100,100,255,255,255,255,0,1,0,0,9),(339,'2018-12-10 06:27:33.373756','2018-12-10 06:27:33.373867',1,0,'SPHB','','root',2,0,'',-100,100,255,255,255,255,0,1,0,0,9),(340,'2018-12-10 06:27:33.436884','2018-12-10 06:27:33.436994',1,0,'SPOC','','root',2,0,'',-100,100,255,255,255,255,0,1,0,0,9),(341,'2018-12-10 06:27:54.325259','2018-12-10 06:27:54.325367',1,0,'DESAT','','root',2,0,'',-100,100,255,255,255,255,0,1,0,0,9),(342,'2018-12-10 23:02:56.247308','2018-12-10 23:02:56.247418',1,0,'EEG_PSI','','root',2,0,'',-100,100,255,255,255,255,0,1,0,0,9),(343,'2018-12-10 23:02:56.442214','2018-12-10 23:02:56.442325',1,0,'EEG_EMG','','root',2,0,'',-100,100,255,255,255,255,0,1,0,0,9),(344,'2018-12-10 23:02:56.515390','2018-12-10 23:02:56.515502',1,0,'EEG_SR','','root',2,0,'',-100,100,255,255,255,255,0,1,0,0,9),(345,'2018-12-10 23:02:56.587312','2018-12-10 23:02:56.587426',1,0,'EEG_ARTF','','root',2,0,'',-100,100,255,255,255,255,0,1,0,0,9),(346,'2018-12-10 23:03:47.956556','2018-12-10 23:03:47.956664',1,0,'EEG_SEFR','','root',2,0,'',-100,100,255,255,255,255,0,1,0,0,9),(347,'2018-12-10 23:04:58.040796','2018-12-10 23:04:58.040970',1,0,'EEG_SEFL','','root',2,0,'',-100,100,255,255,255,255,0,1,0,0,9),(348,'2018-12-11 23:11:29.406554','2018-12-11 23:11:29.406662',1,0,'','','M8000',2,0,'',-100,100,255,255,255,255,0,1,0,0,2),(349,'2018-12-22 03:06:36.065620','2018-12-22 03:06:36.065732',1,0,'NOM_RESP_RATE','','M8000',2,0,'',-100,100,255,255,255,255,0,1,0,0,2),(350,'2019-01-07 02:14:11.563142','2019-01-07 02:14:11.563252',1,0,'ART','','M8000',2,0,'',-100,100,255,255,255,255,0,1,0,0,2);
/*!40000 ALTER TABLE `sa_api_channel` ENABLE KEYS */;
UNLOCK TABLES;

--
-- Table structure for table `sa_api_client`
--

DROP TABLE IF EXISTS `sa_api_client`;
/*!40101 SET @saved_cs_client     = @@character_set_client */;
/*!40101 SET character_set_client = utf8 */;
CREATE TABLE `sa_api_client` (
  `id` int(11) NOT NULL AUTO_INCREMENT,
  `dt_update` datetime(6) NOT NULL,
  `dt_report` datetime(6) NOT NULL,
  `dt_start_recording` datetime(6) DEFAULT NULL,
  `uptime` bigint(20) DEFAULT NULL,
  `name` varchar(64) NOT NULL,
  `mac` varchar(17) NOT NULL,
  `registered` int(11) NOT NULL,
  `status` int(11) NOT NULL,
  `bed_id` int(11) DEFAULT NULL,
  `ip_address` varchar(32) DEFAULT NULL,
  PRIMARY KEY (`id`),
  UNIQUE KEY `mac` (`mac`),
  KEY `sa_api_client_bed_id_0fa7903b_fk_sa_api_bed_id` (`bed_id`),
  CONSTRAINT `sa_api_client_bed_id_0fa7903b_fk_sa_api_bed_id` FOREIGN KEY (`bed_id`) REFERENCES `sa_api_bed` (`id`)
) ENGINE=InnoDB AUTO_INCREMENT=9 DEFAULT CHARSET=latin1;
/*!40101 SET character_set_client = @saved_cs_client */;

--
-- Dumping data for table `sa_api_client`
--

LOCK TABLES `sa_api_client` WRITE;
/*!40000 ALTER TABLE `sa_api_client` DISABLE KEYS */;
INSERT INTO `sa_api_client` VALUES (1,'2019-01-07 08:23:36.533870','2019-01-04 01:32:32.024290',NULL,NULL,'A6 10.1 POC Client #1 R54K4021WYY','A4:6C:F1:EF:0F:34',1,0,1,NULL),(2,'2019-01-11 08:36:43.429412','2019-01-04 01:32:32.024290',NULL,NULL,'A6 10.1 POC Client #2 R54K40221DM','A4:6C:F1:EF:10:5A',1,0,3,NULL),(3,'2019-01-10 12:15:47.390438','2019-01-04 01:32:32.024290',NULL,NULL,'A6 10.1 POC Client #3 R54K301EHTF','68:5A:CF:62:21:EE',1,0,8,NULL),(4,'2019-01-11 07:18:16.624932','2019-01-04 01:32:32.024290',NULL,NULL,'A6 10.1 POC Client #4 R54JA02B6EX','3C:F7:A4:CB:7D:95',1,0,4,NULL),(5,'2018-11-22 09:43:38.287026','2019-01-04 01:32:32.024290',NULL,NULL,'A6 8.0 #01 R54K80296AA','D8:68:C3:86:B0:9D',1,0,5,NULL),(6,'2019-01-04 07:20:56.047164','2019-01-04 05:34:47.000000','2019-01-04 05:34:47.000000',145234000000,'Test Only Client','00:00:00:00:00:00',1,2,6,'143.248.1.177'),(7,'2019-01-11 10:26:00.498207','2019-01-11 10:25:59.000000',NULL,4685000000,'Android Emulator Client','02:00:00:44:55:66',1,1,6,'192.168.232.2'),(8,'2019-01-04 10:41:20.100271','2019-01-04 07:36:01.000000','2019-01-04 07:37:04.000000',1000000,'Test Client - cwryu','DC:EE:06:BF:58:42',1,0,6,'0.0.0.0');
/*!40000 ALTER TABLE `sa_api_client` ENABLE KEYS */;
UNLOCK TABLES;

--
-- Table structure for table `sa_api_clientbusslot`
--

DROP TABLE IF EXISTS `sa_api_clientbusslot`;
/*!40101 SET @saved_cs_client     = @@character_set_client */;
/*!40101 SET character_set_client = utf8 */;
CREATE TABLE `sa_api_clientbusslot` (
  `id` int(11) NOT NULL AUTO_INCREMENT,
  `name` varchar(64) NOT NULL,
  `bus` varchar(64) DEFAULT NULL,
  `active` tinyint(1) NOT NULL,
  `client_id` int(11) DEFAULT NULL,
  `device_id` int(11) DEFAULT NULL,
  PRIMARY KEY (`id`),
  UNIQUE KEY `sa_api_clientbusslot_client_id_name_bus_3bbff745_uniq` (`client_id`,`name`,`bus`),
  KEY `sa_api_clientbusslot_device_id_c19069dd_fk_sa_api_device_id` (`device_id`),
  CONSTRAINT `sa_api_clientbusslot_client_id_18422093_fk_sa_api_client_id` FOREIGN KEY (`client_id`) REFERENCES `sa_api_client` (`id`),
  CONSTRAINT `sa_api_clientbusslot_device_id_c19069dd_fk_sa_api_device_id` FOREIGN KEY (`device_id`) REFERENCES `sa_api_device` (`id`)
) ENGINE=InnoDB AUTO_INCREMENT=13 DEFAULT CHARSET=latin1;
/*!40101 SET character_set_client = @saved_cs_client */;

--
-- Dumping data for table `sa_api_clientbusslot`
--

LOCK TABLES `sa_api_clientbusslot` WRITE;
/*!40000 ALTER TABLE `sa_api_clientbusslot` DISABLE KEYS */;
INSERT INTO `sa_api_clientbusslot` VALUES (1,'COM1','bus_01',1,6,2),(2,'COM2','bus_01',1,6,NULL),(3,'COM3','bus_01',0,6,11),(4,'COM4','bus_01',0,6,NULL),(5,'COM5','bus_02',0,6,NULL),(6,'VIRTEF36','virtual',0,7,6),(7,'VIRT8F7C','virtual',0,7,6),(8,'VIRT4C47','virtual',0,7,6),(9,'E26006','virtserial',0,7,NULL),(10,'VIRT5571','virtual',0,7,6),(11,'E94662','virtserial',0,7,NULL),(12,'E45094','virtserial',1,7,NULL);
/*!40000 ALTER TABLE `sa_api_clientbusslot` ENABLE KEYS */;
UNLOCK TABLES;

--
-- Table structure for table `sa_api_device`
--

DROP TABLE IF EXISTS `sa_api_device`;
/*!40101 SET @saved_cs_client     = @@character_set_client */;
/*!40101 SET character_set_client = utf8 */;
CREATE TABLE `sa_api_device` (
  `id` int(11) NOT NULL AUTO_INCREMENT,
  `device_type` varchar(64) NOT NULL,
  `displayed_name` varchar(64) DEFAULT NULL,
  `is_main` tinyint(1) NOT NULL,
  `use_custom_setting` tinyint(1) NOT NULL,
  PRIMARY KEY (`id`),
  UNIQUE KEY `device_type` (`device_type`),
  UNIQUE KEY `displayed_name` (`displayed_name`)
) ENGINE=InnoDB AUTO_INCREMENT=15 DEFAULT CHARSET=latin1;
/*!40101 SET character_set_client = @saved_cs_client */;

--
-- Dumping data for table `sa_api_device`
--

LOCK TABLES `sa_api_device` WRITE;
/*!40000 ALTER TABLE `sa_api_device` DISABLE KEYS */;
INSERT INTO `sa_api_device` VALUES (1,'TestDevice','TestDevice',1,0),(2,'M8000','Phillips/IntelliVue',1,0),(3,'Primus','Dräger/Primus',0,0),(4,'TestDeviceNewClient','TestDeviceNewClient',1,0),(5,'DeviceName','DeviceName',1,0),(6,'synth','Sig² synthesized',0,0),(7,'synth.s','Sig² serial synthesized',1,0),(8,'s5','GE/Carescape',1,0),(9,'root','Masimo/Root',1,0),(11,'EV1000','Edwards/EV1000',0,0),(12,'bis','Covidien/BIS',1,0),(13,'LocalTestDevice','LocalTestDevice',0,0),(14,'ifmout','ifmout',0,0);
/*!40000 ALTER TABLE `sa_api_device` ENABLE KEYS */;
UNLOCK TABLES;

--
-- Table structure for table `sa_api_filerecorded`
--

DROP TABLE IF EXISTS `sa_api_filerecorded`;
/*!40101 SET @saved_cs_client     = @@character_set_client */;
/*!40101 SET character_set_client = utf8 */;
CREATE TABLE `sa_api_filerecorded` (
  `id` int(11) NOT NULL AUTO_INCREMENT,
  `upload_date` datetime(6) NOT NULL,
  `begin_date` datetime(6) NOT NULL,
  `end_date` datetime(6) NOT NULL,
  `file_path` varchar(256) NOT NULL,
  `client_id` int(11) DEFAULT NULL,
  PRIMARY KEY (`id`),
  KEY `sa_api_filerecorded_client_id_d285190f_fk_sa_api_client_id` (`client_id`),
  CONSTRAINT `sa_api_filerecorded_client_id_d285190f_fk_sa_api_client_id` FOREIGN KEY (`client_id`) REFERENCES `sa_api_client` (`id`)
) ENGINE=InnoDB AUTO_INCREMENT=580 DEFAULT CHARSET=latin1;
/*!40101 SET character_set_client = @saved_cs_client */;

--
-- Dumping data for table `sa_api_filerecorded`
--

LOCK TABLES `sa_api_filerecorded` WRITE;
/*!40000 ALTER TABLE `sa_api_filerecorded` DISABLE KEYS */;
INSERT INTO `sa_api_filerecorded` VALUES (1,'2018-11-21 11:24:26.088956','2018-11-21 11:22:58.000000','1970-01-01 00:00:00.000000','',1),(2,'2018-11-21 12:00:57.080182','2018-11-21 11:54:55.000000','2018-11-21 12:00:37.000000','',1),(3,'2018-11-21 12:53:04.778956','2018-11-21 12:50:40.000000','2018-11-21 12:51:52.000000','',1),(4,'2018-11-21 13:01:24.553346','2018-11-21 13:00:34.000000','2018-11-21 13:01:17.000000','',1),(5,'2018-11-21 13:05:03.166231','2018-11-21 13:04:30.000000','2018-11-21 13:05:05.000000','',1),(6,'2018-11-21 13:18:06.145514','2018-11-21 13:16:56.000000','2018-11-21 13:18:08.000000','',1),(7,'2018-11-21 13:26:40.521293','2018-11-21 13:26:12.000000','2018-11-21 13:26:42.000000','',1),(8,'2018-11-21 13:38:31.636251','2018-11-21 13:10:10.000000','2018-11-21 13:10:15.000000','',3),(9,'2018-11-21 13:38:48.813929','2018-11-21 13:10:10.000000','2018-11-21 13:10:15.000000','',3),(10,'2018-11-21 13:40:02.802988','2018-11-21 13:10:10.000000','2018-11-21 13:10:15.000000','',3),(11,'2018-11-21 13:50:30.356518','2018-11-21 13:49:53.000000','2018-11-21 13:50:32.000000','',1),(12,'2018-11-21 14:32:45.004209','2018-11-21 14:24:11.000000','2018-11-21 14:32:44.000000','',5),(13,'2018-11-21 14:33:14.269462','2018-11-21 14:28:01.000000','2018-11-21 14:33:17.000000','',3),(14,'2018-11-21 14:33:39.612772','2018-11-21 14:27:19.000000','2018-11-21 14:33:40.000000','',2),(15,'2018-11-21 14:45:54.092443','2018-11-21 14:32:46.000000','2018-11-21 14:45:52.000000','',4),(16,'2018-11-21 22:09:05.989380','2018-11-21 22:03:00.000000','2018-11-21 22:09:06.000000','',2),(17,'2018-11-21 22:42:38.300612','2018-11-21 22:36:15.000000','2018-11-21 22:42:41.000000','',3),(18,'2018-11-22 00:50:20.200684','2018-11-21 23:04:22.000000','2018-11-22 00:50:18.000000','',3),(19,'2018-11-22 01:01:37.307400','2018-11-21 22:49:18.000000','2018-11-22 01:01:35.000000','',5),(20,'2018-11-22 01:08:30.597140','2018-11-21 23:01:54.000000','2018-11-22 01:08:30.000000','',2),(21,'2018-11-22 02:42:52.280756','2018-11-22 01:14:28.000000','2018-11-22 02:42:54.000000','',3),(22,'2018-11-22 04:09:17.664074','2018-11-22 01:49:24.000000','2018-11-22 04:09:15.000000','',2),(23,'2018-11-22 05:22:33.297617','2018-11-22 04:26:19.000000','2018-11-22 05:22:34.000000','',2),(24,'2018-11-22 05:54:13.853950','2018-11-22 03:38:04.000000','2018-11-22 05:54:15.000000','',3),(25,'2018-11-22 06:00:44.016664','2018-11-22 05:55:05.000000','2018-11-22 06:00:45.000000','',3),(26,'2018-11-22 06:31:54.960464','2018-11-22 05:53:46.000000','2018-11-22 06:31:55.000000','',2),(27,'2018-11-22 06:48:59.954910','2018-11-22 06:43:22.000000','2018-11-22 06:49:02.000000','',3),(28,'2018-11-22 07:53:05.455864','2018-11-21 22:31:04.000000','2018-11-22 07:53:00.000000','',4),(29,'2018-11-22 08:43:47.569943','2018-11-22 07:25:48.000000','2018-11-22 08:43:48.000000','',2),(30,'2018-11-22 17:51:32.390590','2018-11-22 10:24:01.000000','2018-11-22 17:51:29.000000','',1),(31,'2018-11-22 23:00:55.620741','2018-11-22 22:52:57.000000','2018-11-22 23:00:58.000000','',1),(32,'2018-11-23 01:01:24.071236','2018-11-22 23:22:46.000000','2018-11-23 01:01:23.000000','',1),(33,'2018-11-23 01:31:45.022489','2018-11-22 22:38:33.000000','2018-11-23 01:31:44.000000','',2),(34,'2018-11-23 03:13:05.535579','2018-11-23 01:41:29.000000','2018-11-23 03:13:06.000000','',2),(35,'2018-11-23 05:39:18.798253','2018-11-22 22:52:33.000000','2018-11-23 05:39:15.000000','',3),(36,'2018-11-23 06:20:32.868040','2018-11-23 03:51:36.000000','2018-11-23 06:20:32.000000','',2),(37,'2018-11-23 07:24:42.052118','2018-11-23 06:35:09.000000','2018-11-23 07:24:42.000000','',2),(38,'2018-11-23 08:25:11.393165','2018-11-23 06:40:07.000000','2018-11-23 08:25:13.000000','',3),(39,'2018-11-23 08:54:52.424157','2018-11-22 22:14:12.000000','2018-11-23 08:54:48.000000','',4),(40,'2018-11-25 08:12:28.350334','2018-11-25 08:03:54.000000','2018-11-25 08:12:29.000000','',2),(41,'2018-11-25 08:27:04.665676','2018-11-25 08:21:49.000000','2018-11-25 08:27:06.000000','',3),(42,'2018-11-25 08:46:06.524238','2018-11-24 13:10:10.000000','2018-11-24 13:10:15.000000','',3),(43,'2018-11-25 08:48:03.600991','2018-11-25 08:43:02.000000','2018-11-25 08:48:02.000000','',4),(44,'2018-11-25 08:59:07.226604','2018-11-24 13:10:11.000000','2018-11-24 13:10:16.000000','',3),(45,'2018-11-25 09:28:26.784505','2018-11-25 09:18:31.000000','2018-11-25 09:28:29.000000','',3),(46,'2018-11-25 09:29:04.236139','2018-11-25 09:22:26.000000','2018-11-25 09:29:05.000000','',2),(47,'2018-11-25 09:29:38.413123','2018-11-25 09:23:01.000000','2018-11-25 09:29:41.000000','',1),(48,'2018-11-25 22:18:02.764766','2018-11-25 22:09:54.000000','2018-11-25 22:18:01.000000','',4),(49,'2018-11-26 00:31:26.251174','2018-11-25 22:58:23.000000','2018-11-26 00:31:27.000000','',3),(50,'2018-11-26 00:50:48.856241','2018-11-25 22:53:29.000000','2018-11-26 00:50:46.000000','',1),(51,'2018-11-26 01:52:06.017305','2018-11-26 00:45:57.000000','2018-11-26 01:52:07.000000','',3),(52,'2018-11-26 03:25:30.094245','2018-11-26 02:11:29.000000','2018-11-26 03:25:32.000000','',3),(53,'2018-11-26 03:40:19.408677','2018-11-26 01:06:15.000000','2018-11-26 03:40:12.000000','',1),(54,'2018-11-26 03:52:35.893135','2018-11-26 03:47:38.000000','2018-11-26 03:52:38.000000','',1),(55,'2018-11-26 04:59:47.654443','2018-11-26 03:42:30.000000','2018-11-26 04:59:40.000000','',3),(56,'2018-11-26 06:05:56.007580','2018-11-26 03:57:51.000000','2018-11-26 06:05:57.000000','',1),(57,'2018-11-26 06:36:05.559670','2018-11-25 22:58:09.000000','2018-11-26 06:36:01.000000','',2),(58,'2018-11-26 07:04:18.411046','2018-11-26 07:02:25.000000','2018-11-26 07:04:05.000000','',6),(59,'2018-11-26 07:04:44.959677','2018-11-26 07:03:00.000000','2018-11-26 07:04:40.000000','',6),(60,'2018-11-26 07:04:55.488036','2018-11-26 07:03:14.000000','2018-11-26 07:04:54.000000','',6),(61,'2018-11-26 07:22:19.472929','2018-11-26 07:02:08.000000','2018-11-26 07:22:21.000000','',2),(62,'2018-11-26 07:41:13.106801','2018-11-26 06:42:16.000000','2018-11-26 07:41:05.000000','',1),(63,'2018-11-26 08:06:18.573344','2018-11-26 05:40:29.000000','2018-11-26 08:06:03.000000','',3),(64,'2018-11-26 09:22:48.375333','2018-11-26 08:21:24.000000','2018-11-26 09:22:49.000000','',2),(65,'2018-11-26 22:09:55.637264','2018-11-26 22:04:54.000000','2018-11-26 22:09:54.000000','uploaded_data/C-05/C-05_181127_070454.vital',4),(66,'2018-11-26 22:35:09.051053','2018-11-26 22:30:10.000000','2018-11-26 22:35:10.000000','uploaded_data/H-08/H-08_181127_073010.vital',2),(67,'2018-11-26 23:47:18.369911','2018-11-26 22:59:20.000000','2018-11-26 23:47:14.000000','uploaded_data/H-02/H-02_181127_075920.vital',3),(68,'2018-11-27 01:34:57.512851','2018-11-26 23:04:54.000000','2018-11-27 01:34:57.000000','uploaded_data/H-08/H-08_181127_080454.vital',2),(69,'2018-11-27 02:42:08.683606','2018-11-27 02:06:03.000000','2018-11-27 02:42:10.000000','uploaded_data/H-08/H-08_181127_110603.vital',2),(70,'2018-11-27 03:31:08.790829','2018-11-27 03:08:44.000000','2018-11-27 03:31:10.000000','uploaded_data/H-08/H-08_181127_120844.vital',2),(71,'2018-11-27 04:09:56.257242','2018-11-27 03:52:58.000000','2018-11-27 04:09:57.000000','uploaded_data/H-08/H-08_181127_125258.vital',2),(72,'2018-11-27 04:52:18.286265','2018-11-27 02:42:45.000000','2018-11-27 04:52:19.000000','uploaded_data/H-02/H-02_181127_114245.vital',3),(73,'2018-11-27 07:13:05.258840','2018-11-27 04:58:01.000000','2018-11-27 07:13:06.000000','uploaded_data/H-08/H-08_181127_135801.vital',2),(74,'2018-11-27 07:37:04.705622','2018-11-27 07:25:26.000000','2018-11-27 07:37:06.000000','uploaded_data/H-08/H-08_181127_162526.vital',2),(75,'2018-11-27 09:00:45.738224','2018-11-27 05:11:38.000000','2018-11-27 09:00:46.000000','uploaded_data/H-02/H-02_181127_141138.vital',3),(76,'2018-11-27 09:15:08.027725','2018-11-27 08:40:06.000000','2018-11-27 09:15:10.000000','uploaded_data/H-01/H-01_181127_174006.vital',1),(77,'2018-11-27 12:57:01.193169','2018-11-27 12:51:59.000000','2018-11-27 12:56:59.000000','uploaded_data/C-05/C-05_181127_215159.vital',4),(78,'2018-11-27 22:46:24.257547','2018-11-27 22:41:26.000000','2018-11-27 22:46:26.000000','uploaded_data/H-02/H-02_181128_074126.vital',3),(79,'2018-11-27 22:55:08.343116','2018-11-27 22:50:10.000000','2018-11-27 22:55:10.000000','uploaded_data/H-01/H-01_181128_075010.vital',1),(80,'2018-11-27 23:55:30.062510','2018-11-27 23:01:32.000000','2018-11-27 23:55:32.000000','uploaded_data/H-02/H-02_181128_080132.vital',3),(81,'2018-11-28 01:37:59.906910','2018-11-28 00:14:56.000000','2018-11-28 01:38:01.000000','uploaded_data/H-02/H-02_181128_091456.vital',3),(82,'2018-11-28 04:33:53.661747','2018-11-28 04:08:51.000000','2018-11-28 04:33:54.000000','uploaded_data/H-02/H-02_181128_130851.vital',3),(83,'2018-11-28 22:45:18.904777','2018-11-28 22:40:21.000000','2018-11-28 22:45:21.000000','uploaded_data/H-01/H-01_181129_074021.vital',1),(84,'2018-11-29 00:30:45.071083','2018-11-28 23:00:56.000000','2018-11-29 00:30:47.000000','uploaded_data/H-01/H-01_181129_080056.vital',1),(85,'2018-11-29 02:15:51.463098','2018-11-28 22:55:53.000000','2018-11-29 02:15:51.000000','uploaded_data/H-08/H-08_181129_075553.vital',2),(86,'2018-11-29 02:35:19.211899','2018-11-29 00:48:07.000000','2018-11-29 02:35:21.000000','uploaded_data/H-01/H-01_181129_094807.vital',1),(87,'2018-11-29 02:38:00.436658','2018-11-29 02:33:02.000000','2018-11-29 02:38:02.000000','uploaded_data/H-08/H-08_181129_113302.vital',2),(88,'2018-11-29 03:20:57.261438','2018-11-29 02:59:27.000000','2018-11-29 03:20:59.000000','uploaded_data/H-01/H-01_181129_115927.vital',1),(89,'2018-11-29 05:33:48.331005','2018-11-29 03:43:21.000000','2018-11-29 05:33:49.000000','uploaded_data/H-01/H-01_181129_124321.vital',1),(90,'2018-11-29 06:03:03.784905','2018-11-29 04:39:05.000000','2018-11-29 06:03:04.000000','uploaded_data/H-08/H-08_181129_133905.vital',2),(91,'2018-11-29 06:41:02.645074','2018-11-29 05:49:10.000000','2018-11-29 06:41:05.000000','uploaded_data/H-01/H-01_181129_144910.vital',1),(92,'2018-11-29 07:07:03.782308','2018-11-29 06:44:45.000000','2018-11-29 07:07:05.000000','uploaded_data/H-08/H-08_181129_154445.vital',2),(93,'2018-11-29 08:20:05.889539','2018-11-29 06:54:33.000000','2018-11-29 08:20:07.000000','uploaded_data/H-01/H-01_181129_155433.vital',1),(94,'2018-11-29 11:02:54.551051','2018-11-29 10:55:50.000000','2018-11-29 11:02:57.000000','uploaded_data/H-01/H-01_181129_195550.vital',1),(95,'2018-11-29 11:03:18.560572','2018-11-29 10:56:49.000000','2018-11-29 11:03:21.000000','uploaded_data/H-02/H-02_181129_195649.vital',3),(96,'2018-11-29 11:53:53.372191','2018-11-29 11:48:51.000000','2018-11-29 11:53:51.000000','uploaded_data/C-05/C-05_181129_204851.vital',4),(97,'2018-11-29 22:21:37.753186','2018-11-29 22:16:36.000000','2018-11-29 22:21:36.000000','uploaded_data/C-05/C-05_181130_071636.vital',4),(98,'2018-11-29 22:45:09.970450','2018-11-29 22:40:11.000000','2018-11-29 22:45:12.000000','uploaded_data/H-02/H-02_181130_074011.vital',3),(99,'2018-11-30 00:34:08.963511','2018-11-29 23:10:13.000000','2018-11-30 00:34:10.000000','uploaded_data/H-01/H-01_181130_081013.vital',1),(100,'2018-11-30 02:20:17.107844','2018-11-30 00:51:23.000000','2018-11-30 02:20:18.000000','uploaded_data/H-01/H-01_181130_095123.vital',1),(101,'2018-11-30 03:03:23.481576','2018-11-29 23:05:50.000000','2018-11-30 03:03:24.000000','uploaded_data/H-02/H-02_181130_080550.vital',3),(102,'2018-11-30 03:38:04.133784','2018-11-30 02:49:30.000000','2018-11-30 03:38:06.000000','uploaded_data/H-01/H-01_181130_114930.vital',1),(103,'2018-11-30 04:04:45.484915','2018-11-30 03:20:34.000000','2018-11-30 04:04:47.000000','uploaded_data/H-02/H-02_181130_122034.vital',3),(104,'2018-11-30 06:09:24.898186','2018-11-30 06:00:54.000000','2018-11-30 06:09:22.000000','uploaded_data/C-05/C-05_181130_150054.vital',4),(105,'2018-11-30 06:37:44.201331','2018-11-30 03:56:55.000000','2018-11-30 06:37:45.000000','uploaded_data/H-01/H-01_181130_125655.vital',1),(106,'2018-12-02 06:01:57.946106','2018-12-02 05:54:05.000000','2018-12-02 06:02:00.000000','uploaded_data/H-01/H-01_181202_145405.vital',1),(107,'2018-12-02 06:02:19.053928','2018-12-02 05:55:17.000000','2018-12-02 06:02:21.000000','uploaded_data/H-02/H-02_181202_145517.vital',3),(108,'2018-12-02 22:28:28.927366','2018-12-02 22:23:04.000000','2018-12-02 22:28:32.000000','uploaded_data/H-01/H-01_181203_072304.vital',1),(109,'2018-12-02 22:41:24.503806','2018-12-02 22:36:22.000000','2018-12-02 22:41:22.000000','uploaded_data/C-05/C-05_181203_073622.vital',4),(110,'2018-12-03 00:05:14.154489','2018-12-02 23:03:17.000000','2018-12-03 00:05:08.000000','uploaded_data/C-05/C-05_181203_080317.vital',4),(111,'2018-12-03 00:16:54.494928','2018-12-02 23:12:16.000000','2018-12-03 00:16:56.000000','uploaded_data/H-02/H-02_181203_081216.vital',3),(112,'2018-12-03 01:09:43.619051','2018-12-03 00:19:53.000000','2018-12-03 01:09:41.000000','uploaded_data/C-05/C-05_181203_091953.vital',4),(113,'2018-12-03 01:40:14.940320','2018-12-03 00:27:04.000000','2018-12-03 01:40:13.000000','uploaded_data/H-02/H-02_181203_092704.vital',3),(114,'2018-12-03 02:35:46.542550','2018-12-03 01:52:46.000000','2018-12-03 02:35:48.000000','uploaded_data/H-02/H-02_181203_105246.vital',3),(115,'2018-12-03 02:35:58.414179','2018-12-03 01:26:14.000000','2018-12-03 02:35:56.000000','uploaded_data/C-05/C-05_181203_102614.vital',4),(116,'2018-12-03 02:47:56.802933','2018-12-03 00:43:23.000000','2018-12-03 02:47:58.000000','uploaded_data/H-01/H-01_181203_094323.vital',1),(117,'2018-12-03 03:49:52.801924','2018-12-03 02:51:30.000000','2018-12-03 03:49:54.000000','uploaded_data/H-02/H-02_181203_115130.vital',3),(118,'2018-12-03 04:44:20.127916','2018-12-03 03:33:53.000000','2018-12-03 04:44:17.000000','uploaded_data/C-05/C-05_181203_123353.vital',4),(119,'2018-12-03 05:34:57.654746','2018-12-03 05:34:44.000000','2018-12-03 05:34:56.000000','uploaded_data/TEST-01/TEST-01_181203_143444.vital',7),(120,'2018-12-03 06:22:01.710832','2018-12-03 06:21:51.000000','2018-12-03 06:22:01.000000','uploaded_data/TEST-01/TEST-01_181203_152151.vital',7),(121,'2018-12-03 07:40:25.379095','2018-12-03 04:06:22.000000','2018-12-03 07:40:27.000000','uploaded_data/H-02/H-02_181203_130622.vital',3),(122,'2018-12-03 08:07:15.892500','2018-12-03 03:10:03.000000','2018-12-03 08:07:15.000000','uploaded_data/H-01/H-01_181203_121003.vital',1),(123,'2018-12-03 08:34:55.196820','2018-12-03 08:34:43.000000','2018-12-03 08:34:55.000000','uploaded_data/TEST-01/TEST-01_181203_173443.vital',7),(124,'2018-12-03 08:43:23.008943','2018-12-03 08:42:29.000000','2018-12-03 08:43:23.000000','uploaded_data/TEST-01/TEST-01_181203_174229.vital',7),(125,'2018-12-03 08:45:18.219077','2018-12-03 08:45:05.000000','2018-12-03 08:45:18.000000','uploaded_data/TEST-01/TEST-01_181203_174505.vital',7),(126,'2018-12-03 08:59:43.903177','2018-12-03 08:47:01.000000','2018-12-03 08:59:44.000000','uploaded_data/TEST-01/TEST-01_181203_174701.vital',7),(127,'2018-12-03 11:04:42.125507','2018-12-03 10:59:36.000000','2018-12-03 11:04:40.000000','uploaded_data/C-05/C-05_181203_195936.vital',4),(128,'2018-12-03 13:48:01.533136','2018-12-03 13:43:04.000000','2018-12-03 13:48:04.000000','uploaded_data/C-05/C-05_181203_224304.vital',3),(129,'2018-12-03 13:52:48.719268','2018-12-03 13:46:14.000000','2018-12-03 13:52:51.000000','uploaded_data/H-01/H-01_181203_224614.vital',1),(130,'2018-12-03 13:53:23.924424','2018-12-03 13:48:14.000000','2018-12-03 13:53:26.000000','uploaded_data/H-08/H-08_181203_224814.vital',2),(131,'2018-12-03 14:12:38.391340','2018-12-03 14:07:13.000000','2018-12-03 14:12:40.000000','uploaded_data/C-05/C-05_181203_230713.vital',3),(132,'2018-12-03 22:40:55.310761','2018-12-03 22:32:51.000000','2018-12-03 22:40:57.000000','uploaded_data/H-08/H-08_181204_073251.vital',2),(133,'2018-12-03 22:46:25.462062','2018-12-03 22:41:03.000000','2018-12-03 22:46:27.000000','uploaded_data/H-08/H-08_181204_074103.vital',2),(134,'2018-12-04 01:52:39.797754','2018-12-03 23:01:10.000000','2018-12-04 01:52:41.000000','uploaded_data/H-01/H-01_181204_080110.vital',1),(135,'2018-12-04 02:22:08.735753','2018-12-04 02:08:09.000000','2018-12-04 02:22:10.000000','uploaded_data/H-01/H-01_181204_110809.vital',1),(136,'2018-12-04 04:04:32.955994','2018-12-04 03:10:49.000000','2018-12-04 04:04:35.000000','uploaded_data/H-01/H-01_181204_121049.vital',1),(137,'2018-12-04 13:17:19.141693','2018-12-04 13:11:15.000000','2018-12-04 13:17:22.000000','uploaded_data/H-01/H-01_181204_221115.vital',1),(138,'2018-12-04 13:17:53.121039','2018-12-04 13:12:09.000000','2018-12-04 13:17:55.000000','uploaded_data/H-08/H-08_181204_221209.vital',2),(139,'2018-12-04 13:39:07.523832','2018-12-04 13:32:20.000000','2018-12-04 13:39:09.000000','uploaded_data/C-05/C-05_181204_223220.vital',3),(140,'2018-12-04 13:40:30.768693','2018-12-04 13:33:09.000000','2018-12-04 13:40:33.000000','uploaded_data/H-01/H-01_181204_223309.vital',1),(141,'2018-12-04 13:41:06.530666','2018-12-04 13:34:56.000000','2018-12-04 13:41:08.000000','uploaded_data/H-08/H-08_181204_223456.vital',2),(142,'2018-12-05 10:45:16.493742','2018-12-05 10:39:39.000000','2018-12-05 10:45:18.000000','uploaded_data/H-08/H-08_181205_193939.vital',2),(143,'2018-12-05 10:56:31.252315','2018-12-05 10:51:33.000000','2018-12-05 10:56:33.000000','uploaded_data/H-08/H-08_181205_195133.vital',2),(144,'2018-12-05 11:29:13.725125','2018-12-04 23:00:44.000000','2018-12-05 11:29:06.000000','uploaded_data/H-01/H-01_181205_080044.vital',1),(145,'2018-12-05 12:57:26.345950','2018-12-05 11:19:27.000000','2018-12-05 12:57:25.000000','uploaded_data/C-05/C-05_181205_201927.vital',4),(146,'2018-12-05 22:12:55.625421','2018-12-05 22:07:57.000000','2018-12-05 22:12:57.000000','uploaded_data/H-08/H-08_181206_070757.vital',2),(147,'2018-12-05 22:18:55.313733','2018-12-05 22:13:58.000000','2018-12-05 22:18:58.000000','uploaded_data/H-01/H-01_181206_071358.vital',1),(148,'2018-12-05 22:39:00.186392','2018-12-05 22:33:59.000000','2018-12-05 22:38:59.000000','uploaded_data/C-05/C-05_181206_073359.vital',4),(149,'2018-12-05 22:43:58.603646','2018-12-05 22:38:20.000000','2018-12-05 22:44:00.000000','uploaded_data/H-08/H-08_181206_073820.vital',2),(150,'2018-12-06 00:31:38.082207','2018-12-05 23:44:50.000000','2018-12-06 00:31:40.000000','uploaded_data/H-08/H-08_181206_084450.vital',2),(151,'2018-12-06 00:41:40.016367','2018-12-05 23:04:27.000000','2018-12-06 00:41:39.000000','uploaded_data/C-05/C-05_181206_080427.vital',4),(152,'2018-12-06 02:05:03.740371','2018-12-06 01:20:51.000000','2018-12-06 02:05:03.000000','uploaded_data/C-05/C-05_181206_102051.vital',4),(153,'2018-12-06 03:06:49.156561','2018-12-06 02:18:39.000000','2018-12-06 03:06:48.000000','uploaded_data/C-05/C-05_181206_111839.vital',4),(154,'2018-12-06 03:52:13.945350','2018-12-06 01:32:29.000000','2018-12-06 03:52:15.000000','uploaded_data/H-08/H-08_181206_103229.vital',2),(155,'2018-12-06 04:10:03.964151','2018-12-06 03:25:12.000000','2018-12-06 04:10:03.000000','uploaded_data/C-05/C-05_181206_122512.vital',4),(156,'2018-12-06 04:45:07.821825','2018-12-06 04:44:38.000000','2018-12-06 04:45:07.000000','uploaded_data/C-05/C-05_181206_134438.vital',4),(157,'2018-12-06 05:10:08.778186','2018-12-06 04:53:05.000000','2018-12-06 05:10:10.000000','uploaded_data/H-08/H-08_181206_135305.vital',2),(158,'2018-12-06 10:59:52.708251','2018-12-06 10:53:34.000000','2018-12-06 10:59:52.000000','uploaded_data/C-05/C-05_181206_195334.vital',4),(159,'2018-12-06 11:05:27.044383','2018-12-06 11:00:26.000000','2018-12-06 11:05:26.000000','uploaded_data/C-05/C-05_181206_200026.vital',4),(160,'2018-12-06 11:17:37.266333','2018-12-06 11:12:32.000000','2018-12-06 11:17:36.000000','uploaded_data/C-05/C-05_181206_201232.vital',4),(161,'2018-12-06 11:23:56.596578','2018-12-06 11:18:28.000000','2018-12-06 11:23:56.000000','uploaded_data/C-05/C-05_181206_201828.vital',4),(162,'2018-12-06 11:41:56.114743','2018-12-06 11:34:50.000000','2018-12-06 11:41:55.000000','uploaded_data/C-05/C-05_181206_203450.vital',4),(163,'2018-12-06 12:11:49.688367','2018-12-06 12:05:25.000000','2018-12-06 12:11:52.000000','uploaded_data/H-01/H-01_181206_210525.vital',1),(164,'2018-12-06 12:12:22.959201','2018-12-06 12:06:50.000000','2018-12-06 12:12:26.000000','uploaded_data/H-08/H-08_181206_210650.vital',2),(165,'2018-12-06 22:15:23.038643','2018-12-06 22:10:26.000000','2018-12-06 22:15:26.000000','uploaded_data/H-08/H-08_181207_071026.vital',2),(166,'2018-12-07 06:06:11.233269','2018-12-07 04:36:19.000000','2018-12-07 06:06:09.000000','uploaded_data/C-05/C-05_181207_133619.vital',4),(167,'2018-12-07 09:05:38.221997','2018-12-07 08:05:51.000000','2018-12-07 09:05:37.000000','uploaded_data/C-05/C-05_181207_170551.vital',4),(168,'2018-12-07 11:10:40.559939','2018-12-07 11:03:10.000000','2018-12-07 11:10:42.000000','uploaded_data/H-01/H-01_181207_200310.vital',1),(169,'2018-12-07 11:11:12.105942','2018-12-07 11:05:39.000000','2018-12-07 11:11:15.000000','uploaded_data/H-08/H-08_181207_200539.vital',2),(170,'2018-12-07 11:25:01.745725','2018-12-07 11:13:12.000000','2018-12-07 11:25:00.000000','uploaded_data/F-04/F-04_181207_201312.vital',3),(171,'2018-12-08 04:15:21.321836','2018-12-08 04:09:56.000000','2018-12-08 04:15:20.000000','uploaded_data/F-04/F-04_181208_130956.vital',3),(172,'2018-12-08 04:22:20.912973','2018-12-08 04:17:20.000000','2018-12-08 04:22:20.000000','uploaded_data/F-04/F-04_181208_131720.vital',3),(173,'2018-12-08 05:27:32.586590','2018-12-08 05:22:31.000000','2018-12-08 05:27:31.000000','uploaded_data/F-04/F-04_181208_142231.vital',3),(174,'2018-12-08 06:32:43.785292','2018-12-08 06:27:42.000000','2018-12-08 06:32:42.000000','uploaded_data/F-04/F-04_181208_152742.vital',3),(175,'2018-12-08 07:37:55.285785','2018-12-08 07:32:54.000000','2018-12-08 07:37:54.000000','uploaded_data/F-04/F-04_181208_163254.vital',3),(176,'2018-12-08 08:43:06.622764','2018-12-08 08:38:05.000000','2018-12-08 08:43:05.000000','uploaded_data/F-04/F-04_181208_173805.vital',3),(177,'2018-12-08 09:48:17.770543','2018-12-08 09:43:16.000000','2018-12-08 09:48:16.000000','uploaded_data/F-04/F-04_181208_184316.vital',3),(178,'2018-12-08 10:53:28.862663','2018-12-08 10:48:28.000000','2018-12-08 10:53:28.000000','uploaded_data/F-04/F-04_181208_194828.vital',3),(179,'2018-12-08 11:58:41.647590','2018-12-08 11:53:40.000000','2018-12-08 11:58:40.000000','uploaded_data/F-04/F-04_181208_205340.vital',3),(180,'2018-12-09 22:14:20.244494','2018-12-09 22:09:23.000000','2018-12-09 22:14:23.000000','uploaded_data/H-01/H-01_181210_070923.vital',1),(181,'2018-12-09 22:18:25.624371','2018-12-09 22:10:59.000000','2018-12-09 22:18:24.000000','uploaded_data/F-04/F-04_181210_071059.vital',3),(182,'2018-12-09 22:24:58.121624','2018-12-09 22:19:52.000000','2018-12-09 22:24:57.000000','uploaded_data/F-04/F-04_181210_071952.vital',3),(183,'2018-12-09 22:25:46.136865','2018-12-09 22:17:05.000000','2018-12-09 22:25:49.000000','uploaded_data/H-08/H-08_181210_071705.vital',2),(184,'2018-12-09 22:43:12.041985','2018-12-09 22:36:33.000000','2018-12-09 22:43:15.000000','uploaded_data/H-01/H-01_181210_073633.vital',1),(185,'2018-12-09 22:43:13.754890','2018-12-09 22:38:13.000000','2018-12-09 22:43:13.000000','uploaded_data/C-05/C-05_181210_073813.vital',4),(186,'2018-12-09 22:53:17.320282','2018-12-09 22:48:16.000000','2018-12-09 22:53:16.000000','uploaded_data/F-04/F-04_181210_074816.vital',3),(187,'2018-12-09 22:57:46.834998','2018-12-09 22:52:46.000000','2018-12-09 22:57:50.000000','uploaded_data/H-01/H-01_181210_075246.vital',1),(188,'2018-12-09 23:56:17.444545','2018-12-09 23:02:38.000000','2018-12-09 23:56:16.000000','uploaded_data/C-05/C-05_181210_080238.vital',4),(189,'2018-12-10 01:05:11.290055','2018-12-09 23:39:36.000000','2018-12-10 01:05:13.000000','uploaded_data/H-01/H-01_181210_083936.vital',1),(190,'2018-12-10 01:29:50.866993','2018-12-09 23:02:57.000000','2018-12-10 01:29:49.000000','uploaded_data/F-04/F-04_181210_080257.vital',3),(191,'2018-12-10 01:32:50.478688','2018-12-10 00:20:10.000000','2018-12-10 01:32:49.000000','uploaded_data/C-05/C-05_181210_092010.vital',4),(192,'2018-12-10 02:07:53.887169','2018-12-10 01:30:10.000000','2018-12-10 02:07:51.000000','uploaded_data/F-04/F-04_181210_103010.vital',3),(193,'2018-12-10 02:42:08.600433','2018-12-10 01:45:46.000000','2018-12-10 02:42:07.000000','uploaded_data/C-05/C-05_181210_104546.vital',4),(194,'2018-12-10 04:05:29.860459','2018-12-10 02:55:13.000000','2018-12-10 04:05:29.000000','uploaded_data/C-05/C-05_181210_115513.vital',4),(195,'2018-12-10 04:21:05.815160','2018-12-10 04:07:59.000000','2018-12-10 04:21:05.000000','uploaded_data/C-05/C-05_181210_130759.vital',4),(196,'2018-12-10 04:38:38.430196','2018-12-10 04:26:05.000000','2018-12-10 04:38:38.000000','uploaded_data/C-05/C-05_181210_132605.vital',4),(197,'2018-12-10 04:50:05.896567','2018-12-10 02:08:16.000000','2018-12-10 04:50:04.000000','uploaded_data/F-04/F-04_181210_110816.vital',3),(198,'2018-12-10 04:51:14.379934','2018-12-10 04:45:19.000000','2018-12-10 04:51:13.000000','uploaded_data/C-05/C-05_181210_134519.vital',4),(199,'2018-12-10 05:09:15.416964','2018-12-10 04:53:20.000000','2018-12-10 05:09:14.000000','uploaded_data/F-04/F-04_181210_135320.vital',3),(200,'2018-12-10 05:15:23.170784','2018-12-10 05:09:53.000000','2018-12-10 05:15:22.000000','uploaded_data/F-04/F-04_181210_140953.vital',3),(201,'2018-12-10 06:06:50.130526','2018-12-10 04:57:20.000000','2018-12-10 06:06:49.000000','uploaded_data/C-05/C-05_181210_135720.vital',4),(202,'2018-12-10 07:45:10.498696','2018-12-10 04:57:53.000000','2018-12-10 07:45:12.000000','uploaded_data/H-08/H-08_181210_135753.vital',2),(203,'2018-12-10 07:46:41.908068','2018-12-10 06:25:22.000000','2018-12-10 07:46:41.000000','uploaded_data/C-05/C-05_181210_152522.vital',4),(204,'2018-12-10 10:30:44.676103','2018-12-10 05:26:40.000000','2018-12-10 10:30:42.000000','uploaded_data/F-04/F-04_181210_142640.vital',3),(205,'2018-12-10 10:48:25.133729','2018-12-10 10:43:21.000000','2018-12-10 10:48:21.000000','uploaded_data/F-04/F-04_181210_194321.vital',3),(206,'2018-12-10 11:17:12.419138','2018-12-10 02:06:03.000000','2018-12-10 11:17:08.000000','uploaded_data/H-01/H-01_181210_110603.vital',1),(207,'2018-12-10 21:49:47.061815','2018-12-10 21:43:27.000000','2018-12-10 21:49:46.000000','uploaded_data/C-05/C-05_181211_064327.vital',4),(208,'2018-12-10 22:19:37.017744','2018-12-10 22:14:40.000000','2018-12-10 22:19:40.000000','uploaded_data/H-01/H-01_181211_071440.vital',1),(209,'2018-12-10 23:07:21.482234','2018-12-10 22:57:43.000000','2018-12-10 23:07:24.000000','uploaded_data/H-01/H-01_181211_075743.vital',1),(210,'2018-12-10 23:16:48.028001','2018-12-10 23:11:47.000000','2018-12-10 23:16:47.000000','uploaded_data/F-04/F-04_181211_081147.vital',3),(211,'2018-12-10 23:54:23.043514','2018-12-10 23:10:44.000000','2018-12-10 23:54:25.000000','uploaded_data/H-01/H-01_181211_081044.vital',1),(212,'2018-12-11 01:50:33.509224','2018-12-10 23:01:41.000000','2018-12-11 01:50:32.000000','uploaded_data/C-05/C-05_181211_080141.vital',4),(213,'2018-12-11 02:18:24.419146','2018-12-11 01:55:21.000000','2018-12-11 02:18:27.000000','uploaded_data/H-01/H-01_181211_105521.vital',1),(214,'2018-12-11 04:35:25.121536','2018-12-11 04:30:24.000000','2018-12-11 04:35:24.000000','uploaded_data/F-04/F-04_181211_133024.vital',3),(215,'2018-12-11 04:57:19.404287','2018-12-11 04:52:18.000000','2018-12-11 04:57:18.000000','uploaded_data/F-04/F-04_181211_135218.vital',3),(216,'2018-12-11 05:15:44.238043','2018-12-11 05:10:43.000000','2018-12-11 05:15:43.000000','uploaded_data/F-04/F-04_181211_141043.vital',3),(217,'2018-12-11 05:51:30.360411','2018-12-11 05:45:25.000000','2018-12-11 05:51:33.000000','uploaded_data/H-08/H-08_181211_144525.vital',2),(218,'2018-12-11 06:34:17.379089','2018-12-11 05:18:36.000000','2018-12-11 06:34:15.000000','uploaded_data/F-04/F-04_181211_141836.vital',3),(219,'2018-12-11 08:17:10.738029','2018-12-11 07:29:18.000000','2018-12-11 08:17:13.000000','uploaded_data/H-08/H-08_181211_162918.vital',2),(220,'2018-12-11 08:23:44.185018','2018-12-11 03:19:17.000000','2018-12-11 08:23:43.000000','uploaded_data/H-01/H-01_181211_121917.vital',1),(221,'2018-12-11 08:31:25.473449','2018-12-11 07:29:11.000000','2018-12-11 08:31:23.000000','uploaded_data/F-04/F-04_181211_162911.vital',3),(222,'2018-12-11 08:34:55.390001','2018-12-11 07:57:15.000000','2018-12-11 08:34:54.000000','uploaded_data/C-05/C-05_181211_165715.vital',4),(223,'2018-12-11 09:25:20.383233','2018-12-11 08:36:19.000000','2018-12-11 09:25:17.000000','uploaded_data/C-05/C-05_181211_173619.vital',4),(224,'2018-12-11 22:09:12.571055','2018-12-11 22:04:15.000000','2018-12-11 22:09:15.000000','uploaded_data/H-01/H-01_181212_070415.vital',1),(225,'2018-12-11 22:10:29.461245','2018-12-11 22:05:32.000000','2018-12-11 22:10:32.000000','uploaded_data/H-08/H-08_181212_070532.vital',2),(226,'2018-12-11 22:32:38.915244','2018-12-11 22:27:41.000000','2018-12-11 22:32:42.000000','uploaded_data/H-08/H-08_181212_072741.vital',2),(227,'2018-12-11 22:36:25.646562','2018-12-11 22:30:00.000000','2018-12-11 22:36:25.000000','uploaded_data/C-05/C-05_181212_073000.vital',4),(228,'2018-12-11 22:46:06.833101','2018-12-11 22:41:07.000000','2018-12-11 22:46:09.000000','uploaded_data/H-01/H-01_181212_074107.vital',1),(229,'2018-12-11 22:54:44.413850','2018-12-11 22:46:06.000000','2018-12-11 22:54:43.000000','uploaded_data/F-04/F-04_181212_074606.vital',3),(230,'2018-12-11 23:06:18.979832','2018-12-11 23:00:21.000000','2018-12-11 23:06:22.000000','uploaded_data/H-08/H-08_181212_080021.vital',2),(231,'2018-12-11 23:16:19.050054','2018-12-11 23:10:59.000000','2018-12-11 23:16:18.000000','uploaded_data/F-04/F-04_181212_081059.vital',3),(232,'2018-12-11 23:24:41.062222','2018-12-11 23:18:30.000000','2018-12-11 23:24:40.000000','uploaded_data/F-04/F-04_181212_081830.vital',3),(233,'2018-12-11 23:48:49.004395','2018-12-11 23:09:14.000000','2018-12-11 23:48:52.000000','uploaded_data/H-08/H-08_181212_080914.vital',2),(234,'2018-12-11 23:56:17.552651','2018-12-11 23:39:02.000000','2018-12-11 23:56:16.000000','uploaded_data/F-04/F-04_181212_083902.vital',3),(235,'2018-12-11 23:56:50.919063','2018-12-11 23:00:33.000000','2018-12-11 23:56:53.000000','uploaded_data/H-01/H-01_181212_080033.vital',1),(236,'2018-12-12 03:36:20.309304','2018-12-11 23:05:36.000000','2018-12-12 03:36:18.000000','uploaded_data/C-05/C-05_181212_080536.vital',4),(237,'2018-12-12 04:32:04.842325','2018-12-12 03:58:00.000000','2018-12-12 04:32:07.000000','uploaded_data/H-01/H-01_181212_125800.vital',1),(238,'2018-12-12 06:25:19.639224','2018-12-12 04:00:33.000000','2018-12-12 06:25:15.000000','uploaded_data/C-05/C-05_181212_130033.vital',4),(239,'2018-12-12 07:48:10.435586','2018-12-12 00:07:13.000000','2018-12-12 07:48:06.000000','uploaded_data/F-04/F-04_181212_090713.vital',3),(240,'2018-12-12 07:52:51.424816','2018-12-12 05:32:56.000000','2018-12-12 07:52:53.000000','uploaded_data/H-01/H-01_181212_143256.vital',1),(241,'2018-12-12 21:54:41.358242','2018-12-12 21:49:44.000000','2018-12-12 21:54:44.000000','uploaded_data/H-01/H-01_181213_064944.vital',1),(242,'2018-12-12 22:24:48.090829','2018-12-12 22:19:47.000000','2018-12-12 22:24:47.000000','uploaded_data/F-04/F-04_181213_071947.vital',3),(243,'2018-12-12 22:46:54.012380','2018-12-12 22:41:53.000000','2018-12-12 22:46:53.000000','uploaded_data/F-04/F-04_181213_074153.vital',3),(244,'2018-12-13 02:42:10.387172','2018-12-13 02:28:06.000000','2018-12-13 02:42:09.000000','uploaded_data/C-05/C-05_181213_112806.vital',4),(245,'2018-12-13 04:11:19.841620','2018-12-13 03:05:09.000000','2018-12-13 04:11:19.000000','uploaded_data/C-05/C-05_181213_120509.vital',4),(246,'2018-12-13 05:37:38.459004','2018-12-13 04:28:00.000000','2018-12-13 05:37:36.000000','uploaded_data/C-05/C-05_181213_132800.vital',4),(247,'2018-12-13 06:38:34.020472','2018-12-12 23:11:13.000000','2018-12-13 06:38:31.000000','uploaded_data/F-04/F-04_181213_081113.vital',3),(248,'2018-12-13 06:50:56.173336','2018-12-12 23:55:40.000000','2018-12-13 06:50:55.000000','uploaded_data/H-01/H-01_181213_085540.vital',1),(249,'2018-12-13 07:29:28.955122','2018-12-13 05:59:39.000000','2018-12-13 07:29:28.000000','uploaded_data/C-05/C-05_181213_145939.vital',4),(250,'2018-12-13 08:18:18.519288','2018-12-13 07:51:45.000000','2018-12-13 08:18:21.000000','uploaded_data/H-01/H-01_181213_165145.vital',1),(251,'2018-12-13 09:31:33.303362','2018-12-13 09:19:11.000000','2018-12-13 09:31:36.000000','uploaded_data/H-01/H-01_181213_181911.vital',1),(252,'2018-12-13 11:04:19.325111','2018-12-13 09:40:20.000000','2018-12-13 11:04:22.000000','uploaded_data/H-01/H-01_181213_184020.vital',1),(253,'2018-12-13 22:09:26.006286','2018-12-13 22:04:29.000000','2018-12-13 22:09:29.000000','uploaded_data/H-01/H-01_181214_070429.vital',1),(254,'2018-12-13 22:40:58.588801','2018-12-13 22:33:35.000000','2018-12-13 22:40:58.000000','uploaded_data/C-05/C-05_181214_073335.vital',4),(255,'2018-12-14 00:41:27.492068','2018-12-14 00:10:53.000000','2018-12-14 00:41:30.000000','uploaded_data/H-01/H-01_181214_091053.vital',1),(256,'2018-12-14 02:09:34.627081','2018-12-14 01:42:20.000000','2018-12-14 02:09:37.000000','uploaded_data/H-01/H-01_181214_104220.vital',1),(257,'2018-12-14 02:52:48.077992','2018-12-13 23:07:14.000000','2018-12-14 02:52:46.000000','uploaded_data/C-05/C-05_181214_080714.vital',4),(258,'2018-12-14 06:07:45.783938','2018-12-14 03:51:47.000000','2018-12-14 06:07:47.000000','uploaded_data/H-01/H-01_181214_125147.vital',1),(259,'2018-12-14 06:31:38.766761','2018-12-14 03:20:37.000000','2018-12-14 06:31:37.000000','uploaded_data/C-05/C-05_181214_122037.vital',4),(260,'2018-12-14 08:14:43.900670','2018-12-14 07:10:58.000000','2018-12-14 08:14:43.000000','uploaded_data/C-05/C-05_181214_161058.vital',4),(261,'2018-12-14 08:17:14.242251','2018-12-14 07:08:36.000000','2018-12-14 08:17:16.000000','uploaded_data/H-01/H-01_181214_160836.vital',1),(262,'2018-12-14 08:26:51.193318','2018-12-14 07:58:22.000000','2018-12-14 08:26:54.000000','uploaded_data/H-08/H-08_181214_165822.vital',2),(263,'2018-12-14 11:26:39.972304','2018-12-14 08:59:37.000000','2018-12-14 11:26:41.000000','uploaded_data/H-01/H-01_181214_175937.vital',1),(264,'2018-12-14 13:01:07.821192','2018-12-14 09:00:58.000000','2018-12-14 13:01:05.000000','uploaded_data/F-04/F-04_181214_180058.vital',3),(265,'2018-12-16 10:57:14.618831','2018-12-16 10:51:18.000000','2018-12-16 10:57:14.000000','uploaded_data/H-01/H-01_181216_195118.vital',1),(266,'2018-12-16 22:15:25.596158','2018-12-16 22:09:00.000000','2018-12-16 22:15:25.000000','uploaded_data/C-05/C-05_181217_070900.vital',4),(267,'2018-12-16 22:26:40.193152','2018-12-16 22:21:43.000000','2018-12-16 22:26:43.000000','uploaded_data/H-08/H-08_181217_072143.vital',2),(268,'2018-12-16 22:44:10.636127','2018-12-16 22:35:49.000000','2018-12-16 22:44:09.000000','uploaded_data/F-04/F-04_181217_073549.vital',3),(269,'2018-12-16 22:58:54.540572','2018-12-16 22:50:27.000000','2018-12-16 22:58:54.000000','uploaded_data/F-04/F-04_181217_075027.vital',3),(270,'2018-12-17 00:02:25.535504','2018-12-16 22:59:52.000000','2018-12-17 00:02:24.000000','uploaded_data/C-05/C-05_181217_075952.vital',4),(271,'2018-12-17 01:26:46.553173','2018-12-17 00:14:06.000000','2018-12-17 01:26:45.000000','uploaded_data/C-05/C-05_181217_091406.vital',4),(272,'2018-12-17 03:16:16.534769','2018-12-17 01:46:00.000000','2018-12-17 03:16:15.000000','uploaded_data/C-05/C-05_181217_104600.vital',4),(273,'2018-12-17 05:20:28.974228','2018-12-16 23:04:11.000000','2018-12-17 05:20:22.000000','uploaded_data/F-04/F-04_181217_080411.vital',3),(274,'2018-12-17 05:32:59.328125','2018-12-17 05:27:28.000000','2018-12-17 05:32:58.000000','uploaded_data/F-04/F-04_181217_142728.vital',3),(275,'2018-12-17 05:55:41.054706','2018-12-17 05:33:56.000000','2018-12-17 05:55:40.000000','uploaded_data/F-04/F-04_181217_143356.vital',3),(276,'2018-12-17 06:11:37.985797','2018-12-17 03:36:30.000000','2018-12-17 06:11:36.000000','uploaded_data/C-05/C-05_181217_123630.vital',4),(277,'2018-12-17 06:18:19.588022','2018-12-17 06:12:18.000000','2018-12-17 06:18:18.000000','uploaded_data/C-05/C-05_181217_151218.vital',4),(278,'2018-12-17 07:31:36.556413','2018-12-17 07:10:42.000000','2018-12-17 07:31:36.000000','uploaded_data/H-01/H-01_181217_161042.vital',1),(279,'2018-12-17 07:41:25.131450','2018-12-17 06:37:15.000000','2018-12-17 07:41:24.000000','uploaded_data/C-05/C-05_181217_153715.vital',4),(280,'2018-12-17 09:20:39.367758','2018-12-17 05:57:28.000000','2018-12-17 09:20:35.000000','uploaded_data/F-04/F-04_181217_145728.vital',3),(281,'2018-12-17 11:34:32.619047','2018-12-17 11:29:32.073000','2018-12-17 11:34:32.107000','',4),(282,'2018-12-17 11:41:10.894317','2018-12-16 22:57:41.000000','2018-12-17 11:41:07.000000','uploaded_data/H-08/H-08_181217_075741.vital',2),(283,'2018-12-17 12:03:33.310756','2018-12-17 11:58:32.739000','2018-12-17 12:03:32.838000','',4),(284,'2018-12-17 13:02:14.915989','2018-12-17 12:57:14.309000','2018-12-17 13:02:14.344000','',4),(285,'2018-12-17 14:03:28.782556','2018-12-17 09:21:52.000000','2018-12-17 14:03:24.000000','uploaded_data/F-04/F-04_181217_182152.vital',3),(286,'2018-12-17 22:16:19.616445','2018-12-17 22:09:32.448000','2018-12-17 22:16:19.108000','',4),(287,'2018-12-17 22:22:54.164887','2018-12-17 22:17:54.040000','2018-12-17 22:22:54.041000','',1),(288,'2018-12-17 23:01:36.435132','2018-12-17 22:54:28.068000','2018-12-17 23:01:35.972000','',3),(289,'2018-12-17 23:42:49.634656','2018-12-17 23:12:47.729000','2018-12-17 23:42:52.980000','',2),(290,'2018-12-17 23:50:56.212665','2018-12-17 23:03:02.094000','2018-12-17 23:50:55.580000','',1),(291,'2018-12-18 00:29:14.940367','2018-12-17 23:52:47.126000','2018-12-18 00:29:17.777000','',2),(292,'2018-12-18 01:03:14.013296','2018-12-18 00:02:10.461000','2018-12-18 01:03:13.219000','',1),(293,'2018-12-18 01:31:11.083065','2018-12-18 00:43:24.479000','2018-12-18 01:31:14.152000','',2),(294,'2018-12-18 02:43:21.708567','2018-12-17 23:01:07.892000','2018-12-18 02:43:20.227000','',4),(295,'2018-12-18 03:10:36.903787','2018-12-18 03:05:36.141000','2018-12-18 03:10:36.124000','',3),(296,'2018-12-18 03:24:47.814011','2018-12-18 01:46:25.331000','2018-12-18 03:24:50.462000','',2),(297,'2018-12-18 03:30:52.868789','2018-12-18 03:25:52.084000','2018-12-18 03:30:52.075000','',3),(298,'2018-12-18 03:40:34.169182','2018-12-18 03:35:33.299000','2018-12-18 03:40:33.289000','',3),(299,'2018-12-18 03:51:36.639934','2018-12-18 01:15:57.826000','2018-12-18 03:51:35.028000','',1),(300,'2018-12-18 03:52:04.080850','2018-12-18 03:47:03.593000','2018-12-18 03:52:03.546000','',3),(301,'2018-12-18 04:34:43.491533','2018-12-18 04:02:03.381000','2018-12-18 04:34:42.371000','',3),(302,'2018-12-18 06:54:06.901147','2018-12-18 02:58:59.210000','2018-12-18 06:54:04.715000','',4),(303,'2018-12-18 07:10:27.703264','2018-12-18 04:12:31.947000','2018-12-18 07:10:25.937000','',1),(304,'2018-12-18 07:52:26.086233','2018-12-18 03:52:51.238000','2018-12-18 07:52:26.958000','',2),(305,'2018-12-18 07:54:26.127373','2018-12-18 07:25:58.938000','2018-12-18 07:54:25.945000','',1),(306,'2018-12-18 08:53:12.880850','2018-12-18 08:02:08.394000','2018-12-18 08:53:11.665000','',1),(307,'2018-12-18 09:33:09.630871','2018-12-18 08:55:52.636000','2018-12-18 09:33:09.279000','',1),(308,'2018-12-18 09:46:40.632521','2018-12-18 06:17:58.718000','2018-12-18 09:46:37.231000','',3),(309,'2018-12-18 10:21:50.690424','2018-12-18 07:15:52.555000','2018-12-18 10:21:49.278000','',4),(310,'2018-12-18 22:10:57.370084','2018-12-18 22:04:38.021000','2018-12-18 22:10:56.810000','',4),(311,'2018-12-18 22:21:15.959434','2018-12-18 22:16:15.786000','2018-12-18 22:21:15.812000','',1),(312,'2018-12-18 22:45:40.059116','2018-12-18 22:39:26.680000','2018-12-18 22:45:39.790000','',1),(313,'2018-12-18 22:57:26.108596','2018-12-18 22:45:52.946000','2018-12-18 22:57:25.449000','',3),(314,'2018-12-18 23:36:22.828905','2018-12-18 23:07:36.660000','2018-12-18 23:36:26.239000','',2),(315,'2018-12-19 02:19:47.721756','2018-12-18 23:02:03.629000','2018-12-19 02:19:46.065000','',4),(316,'2018-12-19 03:37:26.257256','2018-12-18 23:50:38.069000','2018-12-19 03:37:28.213000','',2),(317,'2018-12-19 03:57:05.013254','2018-12-19 02:39:21.402000','2018-12-19 03:57:03.737000','',4),(318,'2018-12-19 06:01:24.154413','2018-12-19 05:44:26.444000','2018-12-19 06:01:22.931000','',3),(319,'2018-12-19 06:21:24.132274','2018-12-19 06:14:57.534000','2018-12-19 06:21:22.580000','',3),(320,'2018-12-19 06:35:32.905985','2018-12-19 04:04:18.801000','2018-12-19 06:35:35.495000','',2),(321,'2018-12-19 07:41:56.199347','2018-12-18 23:00:03.576000','2018-12-19 07:41:50.112000','',1),(322,'2018-12-19 07:57:27.425618','2018-12-19 07:11:17.000000','2018-12-19 07:57:24.000000','uploaded_data/C-05/C-05_181219_161117.vital',4),(323,'2018-12-19 09:15:26.109992','2018-12-19 07:14:39.000000','2018-12-19 09:15:28.000000','uploaded_data/H-08/H-08_181219_161439.vital',2),(324,'2018-12-19 10:12:00.705911','2018-12-19 09:29:50.000000','2018-12-19 10:12:04.000000','uploaded_data/H-08/H-08_181219_182950.vital',2),(325,'2018-12-19 11:23:00.704853','2018-12-19 07:52:23.000000','2018-12-19 11:22:55.000000','uploaded_data/H-01/H-01_181219_165223.vital',1),(326,'2018-12-19 14:13:06.109638','2018-12-19 07:09:56.000000','2018-12-19 14:12:59.000000','uploaded_data/F-04/F-04_181219_160956.vital',3),(327,'2018-12-19 22:18:43.194127','2018-12-19 22:13:42.000000','2018-12-19 22:18:42.000000','uploaded_data/H-01/H-01_181220_071342.vital',1),(328,'2018-12-19 22:25:43.241773','2018-12-19 22:16:59.000000','2018-12-19 22:25:47.000000','uploaded_data/H-08/H-08_181220_071659.vital',2),(329,'2018-12-19 22:29:56.835783','2018-12-19 22:24:17.000000','2018-12-19 22:29:56.000000','uploaded_data/F-04/F-04_181220_072417.vital',3),(330,'2018-12-19 22:57:48.345101','2018-12-19 22:49:41.000000','2018-12-19 22:57:47.000000','uploaded_data/F-04/F-04_181220_074941.vital',3),(331,'2018-12-19 23:07:19.951530','2018-12-19 23:02:19.000000','2018-12-19 23:07:19.000000','uploaded_data/F-04/F-04_181220_080219.vital',3),(332,'2018-12-20 00:07:52.454532','2018-12-19 23:01:15.000000','2018-12-20 00:07:51.000000','uploaded_data/H-01/H-01_181220_080115.vital',1),(333,'2018-12-20 00:58:04.243316','2018-12-20 00:15:56.000000','2018-12-20 00:58:03.000000','uploaded_data/H-01/H-01_181220_091556.vital',1),(334,'2018-12-20 01:14:46.146963','2018-12-19 23:07:28.000000','2018-12-20 01:14:48.000000','uploaded_data/H-08/H-08_181220_080728.vital',2),(335,'2018-12-20 01:35:07.957844','2018-12-20 01:06:12.000000','2018-12-20 01:35:07.000000','uploaded_data/H-01/H-01_181220_100612.vital',1),(336,'2018-12-20 02:34:47.537340','2018-12-20 01:44:35.000000','2018-12-20 02:34:47.000000','uploaded_data/H-01/H-01_181220_104435.vital',1),(337,'2018-12-20 03:32:36.287298','2018-12-20 01:27:31.000000','2018-12-20 03:32:38.000000','uploaded_data/H-08/H-08_181220_102731.vital',2),(338,'2018-12-20 03:33:32.073853','2018-12-20 02:48:35.000000','2018-12-20 03:33:31.000000','uploaded_data/H-01/H-01_181220_114835.vital',1),(339,'2018-12-20 04:01:04.785198','2018-12-19 23:08:47.000000','2018-12-20 04:01:00.000000','uploaded_data/F-04/F-04_181220_080847.vital',3),(340,'2018-12-20 04:12:40.419284','2018-12-20 04:07:18.000000','2018-12-20 04:12:39.000000','uploaded_data/F-04/F-04_181220_130718.vital',3),(341,'2018-12-20 04:19:32.296721','2018-12-20 04:13:42.000000','2018-12-20 04:19:31.000000','uploaded_data/F-04/F-04_181220_131342.vital',3),(342,'2018-12-20 04:41:12.956016','2018-12-20 03:50:56.000000','2018-12-20 04:41:11.000000','uploaded_data/H-01/H-01_181220_125056.vital',1),(343,'2018-12-20 06:20:40.397630','2018-12-20 05:52:42.000000','2018-12-20 06:20:40.000000','uploaded_data/H-01/H-01_181220_145242.vital',1),(344,'2018-12-20 07:42:15.624834','2018-12-20 03:49:51.000000','2018-12-20 07:42:16.000000','uploaded_data/H-08/H-08_181220_124951.vital',2),(345,'2018-12-20 08:03:08.616379','2018-12-20 07:23:39.000000','2018-12-20 08:03:08.000000','uploaded_data/H-01/H-01_181220_162339.vital',1),(346,'2018-12-20 08:50:47.270209','2018-12-20 08:25:01.000000','2018-12-20 08:50:50.000000','uploaded_data/H-08/H-08_181220_172501.vital',2),(347,'2018-12-20 10:16:31.670193','2018-12-20 04:29:01.000000','2018-12-20 10:16:26.000000','uploaded_data/F-04/F-04_181220_132901.vital',3),(348,'2018-12-20 10:16:32.832028','2018-12-20 10:11:04.000000','2018-12-20 10:16:32.000000','uploaded_data/C-05/C-05_181220_191104.vital',4),(349,'2018-12-20 22:12:13.160642','2018-12-20 22:07:12.000000','2018-12-20 22:12:13.000000','uploaded_data/H-01/H-01_181221_070712.vital',1),(350,'2018-12-20 22:21:38.608702','2018-12-20 22:12:05.000000','2018-12-20 22:21:38.000000','uploaded_data/C-05/C-05_181221_071205.vital',4),(351,'2018-12-20 22:23:15.430294','2018-12-20 22:18:19.000000','2018-12-20 22:23:19.000000','uploaded_data/H-08/H-08_181221_071819.vital',2),(352,'2018-12-20 22:30:34.850772','2018-12-20 22:22:48.000000','2018-12-20 22:30:34.000000','uploaded_data/F-04/F-04_181221_072248.vital',3),(353,'2018-12-21 00:04:41.361718','2018-12-20 22:58:16.000000','2018-12-21 00:04:45.000000','uploaded_data/H-08/H-08_181221_075816.vital',2),(354,'2018-12-21 01:23:35.593366','2018-12-21 00:14:36.000000','2018-12-21 01:23:39.000000','uploaded_data/H-08/H-08_181221_091436.vital',2),(355,'2018-12-21 02:19:45.833254','2018-12-20 23:07:10.000000','2018-12-21 02:19:43.000000','uploaded_data/H-01/H-01_181221_080710.vital',1),(356,'2018-12-21 03:02:10.954500','2018-12-21 01:35:33.000000','2018-12-21 03:02:13.000000','uploaded_data/H-08/H-08_181221_103533.vital',2),(357,'2018-12-21 03:17:20.082196','2018-12-20 23:06:53.000000','2018-12-21 03:17:17.000000','uploaded_data/C-05/C-05_181221_080653.vital',4),(358,'2018-12-21 04:12:57.013012','2018-12-21 02:54:14.000000','2018-12-21 04:12:56.000000','uploaded_data/H-01/H-01_181221_115414.vital',1),(359,'2018-12-21 05:16:07.570534','2018-12-21 03:22:41.000000','2018-12-21 05:16:09.000000','uploaded_data/H-08/H-08_181221_122241.vital',2),(360,'2018-12-21 05:59:44.419906','2018-12-21 05:32:10.000000','2018-12-21 05:59:48.000000','uploaded_data/H-08/H-08_181221_143210.vital',2),(361,'2018-12-21 07:00:08.282972','2018-12-21 06:12:36.000000','2018-12-21 07:00:12.000000','uploaded_data/H-08/H-08_181221_151236.vital',2),(362,'2018-12-21 07:00:45.188113','2018-12-21 04:41:40.000000','2018-12-21 07:00:43.000000','uploaded_data/H-01/H-01_181221_134140.vital',1),(363,'2018-12-21 08:39:16.812691','2018-12-21 07:15:51.000000','2018-12-21 08:39:15.000000','uploaded_data/H-01/H-01_181221_161551.vital',1),(364,'2018-12-21 08:43:10.935084','2018-12-21 07:49:15.000000','2018-12-21 08:43:13.000000','uploaded_data/H-08/H-08_181221_164915.vital',2),(365,'2018-12-21 09:06:11.289729','2018-12-21 03:57:17.000000','2018-12-21 09:06:08.000000','uploaded_data/C-05/C-05_181221_125717.vital',4),(366,'2018-12-21 09:20:55.958232','2018-12-21 09:15:24.000000','2018-12-21 09:20:55.000000','uploaded_data/C-05/C-05_181221_181524.vital',4),(367,'2018-12-21 09:21:06.136944','2018-12-21 07:21:38.000000','2018-12-21 09:21:02.000000','uploaded_data/F-04/F-04_181221_162138.vital',3),(368,'2018-12-21 10:22:47.608506','2018-12-21 10:17:19.000000','2018-12-21 10:22:46.000000','uploaded_data/C-05/C-05_181221_191719.vital',4),(369,'2018-12-21 11:51:56.513902','2018-12-21 11:46:46.000000','2018-12-21 11:51:55.000000','uploaded_data/F-04/F-04_181221_204646.vital',3),(370,'2018-12-21 14:58:40.093086','2018-12-21 12:30:51.000000','2018-12-21 14:58:37.000000','uploaded_data/F-04/F-04_181221_213051.vital',3),(371,'2018-12-22 00:40:20.299056','2018-12-22 00:29:36.000000','2018-12-22 00:40:19.000000','uploaded_data/F-04/F-04_181222_092936.vital',3),(372,'2018-12-22 01:38:04.069995','2018-12-22 01:33:01.000000','2018-12-22 01:38:03.000000','uploaded_data/F-04/F-04_181222_103301.vital',3),(373,'2018-12-22 09:58:14.922403','2018-12-22 02:52:20.000000','2018-12-22 09:58:11.000000','uploaded_data/F-04/F-04_181222_115220.vital',3),(374,'2018-12-23 22:22:42.817826','2018-12-23 22:17:46.000000','2018-12-23 22:22:46.000000','uploaded_data/H-08/H-08_181224_071746.vital',2),(375,'2018-12-23 22:29:18.292211','2018-12-23 22:24:09.000000','2018-12-23 22:29:17.000000','uploaded_data/F-04/F-04_181224_072409.vital',3),(376,'2018-12-23 22:33:29.083930','2018-12-23 22:23:53.000000','2018-12-23 22:33:28.000000','uploaded_data/C-05/C-05_181224_072353.vital',4),(377,'2018-12-23 22:39:06.591357','2018-12-23 22:27:40.000000','2018-12-23 22:39:10.000000','uploaded_data/H-08/H-08_181224_072740.vital',2),(378,'2018-12-23 23:09:19.364302','2018-12-23 23:02:41.000000','2018-12-23 23:09:18.000000','uploaded_data/F-04/F-04_181224_080241.vital',3),(379,'2018-12-23 23:45:20.798976','2018-12-23 23:10:40.000000','2018-12-23 23:45:24.000000','uploaded_data/H-08/H-08_181224_081040.vital',2),(380,'2018-12-24 00:05:40.333363','2018-12-23 23:01:38.000000','2018-12-24 00:05:39.000000','uploaded_data/C-05/C-05_181224_080138.vital',4),(381,'2018-12-24 01:18:22.299229','2018-12-24 00:21:23.000000','2018-12-24 01:18:21.000000','uploaded_data/C-05/C-05_181224_092123.vital',4),(382,'2018-12-24 01:45:33.689577','2018-12-24 00:01:26.000000','2018-12-24 01:45:37.000000','uploaded_data/H-08/H-08_181224_090126.vital',2),(383,'2018-12-24 03:59:50.230576','2018-12-24 01:58:52.000000','2018-12-24 03:59:53.000000','uploaded_data/H-08/H-08_181224_105852.vital',2),(384,'2018-12-24 04:26:05.930189','2018-12-24 04:21:09.000000','2018-12-24 04:26:09.000000','uploaded_data/H-08/H-08_181224_132109.vital',2),(385,'2018-12-24 04:30:59.422513','2018-12-23 23:15:13.000000','2018-12-24 04:30:52.000000','uploaded_data/F-04/F-04_181224_081513.vital',3),(386,'2018-12-24 04:43:14.733929','2018-12-24 04:37:45.000000','2018-12-24 04:43:14.000000','uploaded_data/F-04/F-04_181224_133745.vital',3),(387,'2018-12-24 05:02:07.984111','2018-12-24 04:57:03.000000','2018-12-24 05:02:07.000000','uploaded_data/F-04/F-04_181224_135703.vital',3),(388,'2018-12-24 09:24:54.767542','2018-12-24 04:29:18.000000','2018-12-24 09:24:57.000000','uploaded_data/H-08/H-08_181224_132918.vital',2),(389,'2018-12-24 12:28:51.182126','2018-12-24 05:02:38.000000','2018-12-24 12:28:43.000000','uploaded_data/F-04/F-04_181224_140238.vital',3),(390,'2018-12-25 22:27:39.573930','2018-12-25 22:20:54.000000','2018-12-25 22:27:38.000000','uploaded_data/C-05/C-05_181226_072054.vital',4),(391,'2018-12-25 22:35:22.054895','2018-12-25 22:30:13.000000','2018-12-25 22:35:21.000000','uploaded_data/F-04/F-04_181226_073013.vital',3),(392,'2018-12-25 22:49:12.160795','2018-12-25 22:44:16.000000','2018-12-25 22:49:16.000000','uploaded_data/H-08/H-08_181226_074416.vital',2),(393,'2018-12-25 23:56:57.103335','2018-12-25 23:24:50.000000','2018-12-25 23:56:59.000000','uploaded_data/H-08/H-08_181226_082450.vital',2),(394,'2018-12-26 01:40:32.651555','2018-12-25 23:02:09.000000','2018-12-26 01:40:31.000000','uploaded_data/C-05/C-05_181226_080209.vital',4),(395,'2018-12-26 02:51:21.531290','2018-12-26 00:27:39.000000','2018-12-26 02:51:23.000000','uploaded_data/H-08/H-08_181226_092739.vital',2),(396,'2018-12-26 03:37:44.053967','2018-12-26 01:58:18.000000','2018-12-26 03:37:42.000000','uploaded_data/C-05/C-05_181226_105818.vital',4),(397,'2018-12-26 05:38:49.484858','2018-12-26 03:18:34.000000','2018-12-26 05:38:52.000000','uploaded_data/H-08/H-08_181226_121834.vital',2),(398,'2018-12-26 07:35:20.074929','2018-12-25 23:10:23.000000','2018-12-26 07:35:10.000000','uploaded_data/F-04/F-04_181226_081023.vital',3),(399,'2018-12-26 07:59:30.394221','2018-12-26 06:21:16.000000','2018-12-26 07:59:33.000000','uploaded_data/H-08/H-08_181226_152116.vital',2),(400,'2018-12-26 10:55:23.328530','2018-12-26 03:59:06.000000','2018-12-26 10:55:17.000000','uploaded_data/C-05/C-05_181226_125906.vital',4),(401,'2018-12-26 12:22:54.534664','2018-12-26 12:17:54.000000','2018-12-26 12:22:54.000000','uploaded_data/F-04/F-04_181226_211754.vital',3),(402,'2018-12-26 14:28:16.080185','2018-12-26 12:46:05.000000','2018-12-26 14:28:13.000000','uploaded_data/F-04/F-04_181226_214605.vital',3),(403,'2018-12-26 22:15:17.272710','2018-12-26 22:10:18.000000','2018-12-26 22:15:19.000000','uploaded_data/H-08/H-08_181227_071018.vital',2),(404,'2018-12-26 22:31:21.100288','2018-12-26 22:24:58.000000','2018-12-26 22:31:20.000000','uploaded_data/C-05/C-05_181227_072458.vital',4),(405,'2018-12-26 22:40:37.160174','2018-12-26 22:34:56.000000','2018-12-26 22:40:36.000000','uploaded_data/F-04/F-04_181227_073456.vital',3),(406,'2018-12-27 00:38:43.296099','2018-12-26 23:07:24.000000','2018-12-27 00:38:46.000000','uploaded_data/H-08/H-08_181227_080724.vital',2),(407,'2018-12-27 01:00:27.921910','2018-12-26 23:05:14.000000','2018-12-27 01:00:26.000000','uploaded_data/C-05/C-05_181227_080514.vital',4),(408,'2018-12-27 01:07:08.985255','2018-12-27 01:00:45.000000','2018-12-27 01:07:08.000000','uploaded_data/C-05/C-05_181227_100045.vital',4),(409,'2018-12-27 03:05:03.304802','2018-12-27 01:15:14.000000','2018-12-27 03:05:01.000000','uploaded_data/C-05/C-05_181227_101514.vital',4),(410,'2018-12-27 04:04:30.988446','2018-12-26 23:09:00.000000','2018-12-27 04:04:25.000000','uploaded_data/F-04/F-04_181227_080900.vital',3),(411,'2018-12-27 04:24:23.338108','2018-12-27 04:14:10.000000','2018-12-27 04:24:22.000000','uploaded_data/F-04/F-04_181227_131410.vital',3),(412,'2018-12-27 04:33:17.958131','2018-12-27 04:25:32.000000','2018-12-27 04:33:17.000000','uploaded_data/F-04/F-04_181227_132532.vital',3),(413,'2018-12-27 04:37:24.168030','2018-12-27 01:02:47.000000','2018-12-27 04:37:25.000000','uploaded_data/H-08/H-08_181227_100247.vital',2),(414,'2018-12-27 04:53:42.507463','2018-12-27 03:31:56.000000','2018-12-27 04:53:41.000000','uploaded_data/C-05/C-05_181227_123156.vital',4),(415,'2018-12-27 06:04:56.848055','2018-12-27 04:54:51.000000','2018-12-27 06:05:00.000000','uploaded_data/H-08/H-08_181227_135451.vital',2),(416,'2018-12-27 06:23:10.467866','2018-12-27 05:12:59.000000','2018-12-27 06:23:08.000000','uploaded_data/C-05/C-05_181227_141259.vital',4),(417,'2018-12-27 08:07:30.780417','2018-12-27 06:26:38.000000','2018-12-27 08:07:33.000000','uploaded_data/H-08/H-08_181227_152638.vital',2),(418,'2018-12-27 09:53:02.022706','2018-12-27 04:33:56.000000','2018-12-27 09:52:54.000000','uploaded_data/F-04/F-04_181227_133356.vital',3),(419,'2018-12-27 09:59:20.598575','2018-12-27 08:36:36.000000','2018-12-27 09:59:24.000000','uploaded_data/H-08/H-08_181227_173636.vital',2),(420,'2018-12-27 11:03:42.983537','2018-12-27 09:58:40.000000','2018-12-27 11:03:42.000000','uploaded_data/F-04/F-04_181227_185840.vital',3),(421,'2018-12-27 12:19:21.817449','2018-12-27 12:13:35.000000','2018-12-27 12:19:21.000000','uploaded_data/F-04/F-04_181227_211335.vital',3),(422,'2018-12-27 12:26:26.952828','2018-12-27 12:21:26.000000','2018-12-27 12:26:26.000000','uploaded_data/F-04/F-04_181227_212126.vital',3),(423,'2018-12-27 15:48:54.345404','2018-12-27 12:38:33.000000','2018-12-27 15:48:50.000000','uploaded_data/F-04/F-04_181227_213833.vital',3),(424,'2018-12-27 22:27:42.925612','2018-12-27 22:21:16.000000','2018-12-27 22:27:42.000000','uploaded_data/C-05/C-05_181228_072116.vital',4),(425,'2018-12-27 22:41:09.101193','2018-12-27 22:36:08.000000','2018-12-27 22:41:08.000000','uploaded_data/F-04/F-04_181228_073608.vital',3),(426,'2018-12-27 22:41:30.002301','2018-12-27 22:36:34.000000','2018-12-27 22:41:34.000000','uploaded_data/H-08/H-08_181228_073634.vital',2),(427,'2018-12-27 22:47:14.979687','2018-12-27 22:42:14.000000','2018-12-27 22:47:14.000000','uploaded_data/F-04/F-04_181228_074214.vital',3),(428,'2018-12-28 00:54:00.806659','2018-12-27 23:25:55.000000','2018-12-28 00:54:04.000000','uploaded_data/H-08/H-08_181228_082555.vital',2),(429,'2018-12-28 03:20:15.394001','2018-12-28 01:08:12.000000','2018-12-28 03:20:17.000000','uploaded_data/H-08/H-08_181228_100812.vital',2),(430,'2018-12-28 04:21:27.247034','2018-12-27 23:08:59.000000','2018-12-28 04:21:21.000000','uploaded_data/F-04/F-04_181228_080859.vital',3),(431,'2018-12-28 04:35:04.906137','2018-12-28 04:30:02.000000','2018-12-28 04:35:04.000000','uploaded_data/F-04/F-04_181228_133002.vital',3),(432,'2018-12-28 06:06:07.118950','2018-12-28 03:45:55.000000','2018-12-28 06:06:10.000000','uploaded_data/H-08/H-08_181228_124555.vital',2),(433,'2018-12-28 07:14:04.613256','2018-12-27 23:09:12.000000','2018-12-28 07:14:00.000000','uploaded_data/C-05/C-05_181228_080912.vital',4),(434,'2018-12-28 08:54:41.457529','2018-12-28 06:46:26.000000','2018-12-28 08:54:45.000000','uploaded_data/H-08/H-08_181228_154626.vital',2),(435,'2018-12-28 08:55:37.912351','2018-12-28 07:33:03.000000','2018-12-28 08:55:36.000000','uploaded_data/C-05/C-05_181228_163303.vital',4),(436,'2018-12-28 09:31:33.520231','2018-12-28 04:55:17.000000','2018-12-28 09:31:28.000000','uploaded_data/F-04/F-04_181228_135517.vital',3),(437,'2018-12-28 09:47:33.696120','2018-12-28 09:32:34.000000','2018-12-28 09:47:33.000000','uploaded_data/F-04/F-04_181228_183234.vital',3),(438,'2018-12-28 12:52:41.984789','2018-12-28 09:47:34.000000','2018-12-28 12:52:38.000000','uploaded_data/F-04/F-04_181228_184734.vital',3),(439,'2018-12-29 18:32:27.563915','2018-12-29 18:27:27.000000','2018-12-29 18:32:27.000000','uploaded_data/F-04/F-04_181230_032727.vital',3),(440,'2018-12-29 20:58:18.132841','2018-12-29 20:53:14.000000','2018-12-29 20:58:16.000000','uploaded_data/F-04/F-04_181230_055314.vital',3),(441,'2018-12-30 08:22:48.271904','2018-12-29 21:30:21.000000','2018-12-30 08:22:40.000000','uploaded_data/F-04/F-04_181230_063021.vital',3),(442,'2018-12-30 11:47:54.061358','2018-12-30 11:42:09.000000','2018-12-30 11:47:58.000000','uploaded_data/H-08/H-08_181230_204209.vital',2),(443,'2018-12-30 11:52:55.655611','2018-12-30 11:47:54.000000','2018-12-30 11:52:54.000000','uploaded_data/C-05/C-05_181230_204754.vital',4),(444,'2018-12-30 22:11:53.599260','2018-12-30 22:06:52.000000','2018-12-30 22:11:52.000000','uploaded_data/C-05/C-05_181231_070652.vital',4),(445,'2018-12-30 22:19:17.414537','2018-12-30 22:12:41.000000','2018-12-30 22:19:16.000000','uploaded_data/C-05/C-05_181231_071241.vital',4),(446,'2018-12-30 22:24:18.729505','2018-12-30 22:19:18.000000','2018-12-30 22:24:18.000000','uploaded_data/F-04/F-04_181231_071918.vital',3),(447,'2018-12-30 22:59:30.408080','2018-12-30 22:54:34.000000','2018-12-30 22:59:34.000000','uploaded_data/H-08/H-08_181231_075434.vital',2),(448,'2018-12-30 23:00:49.480365','2018-12-30 22:50:53.000000','2018-12-30 23:00:49.000000','uploaded_data/F-04/F-04_181231_075053.vital',3),(449,'2018-12-30 23:07:17.613580','2018-12-30 23:01:30.000000','2018-12-30 23:07:17.000000','uploaded_data/F-04/F-04_181231_080130.vital',3),(450,'2018-12-30 23:46:36.833982','2018-12-30 23:00:50.000000','2018-12-30 23:46:35.000000','uploaded_data/C-05/C-05_181231_080050.vital',4),(451,'2018-12-31 00:43:30.284206','2018-12-30 23:20:03.000000','2018-12-31 00:43:33.000000','uploaded_data/H-08/H-08_181231_082003.vital',2),(452,'2018-12-31 00:52:28.102272','2018-12-31 00:00:56.000000','2018-12-31 00:52:26.000000','uploaded_data/C-05/C-05_181231_090056.vital',4),(453,'2018-12-31 01:01:34.855704','2018-12-31 00:53:10.000000','2018-12-31 01:01:39.000000','uploaded_data/H-08/H-08_181231_095310.vital',2),(454,'2018-12-31 01:57:27.356471','2018-12-31 01:03:35.000000','2018-12-31 01:57:26.000000','uploaded_data/C-05/C-05_181231_100335.vital',4),(455,'2018-12-31 03:09:36.655103','2018-12-31 02:15:31.000000','2018-12-31 03:09:35.000000','uploaded_data/C-05/C-05_181231_111531.vital',4),(456,'2018-12-31 03:54:09.497757','2018-12-31 01:38:53.000000','2018-12-31 03:54:07.000000','uploaded_data/F-04/F-04_181231_103853.vital',3),(457,'2018-12-31 07:41:47.320608','2018-12-31 03:35:41.000000','2018-12-31 07:41:44.000000','uploaded_data/C-05/C-05_181231_123541.vital',4),(458,'2018-12-31 08:27:00.806257','2018-12-31 01:04:55.000000','2018-12-31 08:27:03.000000','uploaded_data/H-08/H-08_181231_100455.vital',2),(459,'2018-12-31 09:49:43.814997','2018-12-31 04:01:24.000000','2018-12-31 09:49:39.000000','uploaded_data/F-04/F-04_181231_130124.vital',3),(460,'2018-12-31 15:36:05.932598','2018-12-31 09:54:08.000000','2018-12-31 15:36:01.000000','uploaded_data/F-04/F-04_181231_185408.vital',3),(461,'2019-01-01 22:05:58.231588','2019-01-01 22:00:57.000000','2019-01-01 22:05:57.000000','uploaded_data/C-05/C-05_190102_070057.vital',4),(462,'2019-01-01 22:39:04.470199','2019-01-01 22:32:20.000000','2019-01-01 22:39:08.000000','uploaded_data/H-08/H-08_190102_073220.vital',2),(463,'2019-01-01 22:56:03.841015','2019-01-01 22:49:39.000000','2019-01-01 22:56:02.000000','uploaded_data/C-05/C-05_190102_074939.vital',4),(464,'2019-01-02 00:34:31.412646','2019-01-02 00:34:30.000000','2019-01-02 00:34:31.000000','uploaded_data/F-04/F-04_190102_093430.vital',3),(465,'2019-01-02 00:34:31.763876','2019-01-01 23:08:47.000000','2019-01-02 00:34:29.000000','uploaded_data/F-04/F-04_190102_080847.vital',3),(466,'2019-01-02 00:40:25.495642','2019-01-02 00:34:31.000000','2019-01-02 00:40:25.000000','uploaded_data/F-04/F-04_190102_093431.vital',3),(467,'2019-01-02 01:55:12.959591','2019-01-01 23:07:04.000000','2019-01-02 01:55:15.000000','uploaded_data/H-08/H-08_190102_080704.vital',2),(468,'2019-01-02 03:31:39.486249','2019-01-02 02:09:25.000000','2019-01-02 03:31:43.000000','uploaded_data/H-08/H-08_190102_110925.vital',2),(469,'2019-01-02 04:59:29.111980','2019-01-02 04:06:59.000000','2019-01-02 04:59:33.000000','uploaded_data/H-08/H-08_190102_130659.vital',2),(470,'2019-01-02 06:15:58.257688','2019-01-01 22:58:39.000000','2019-01-02 06:15:51.000000','uploaded_data/C-05/C-05_190102_075839.vital',4),(471,'2019-01-02 06:24:04.349041','2019-01-02 06:18:51.000000','2019-01-02 06:24:03.000000','uploaded_data/C-05/C-05_190102_151851.vital',4),(472,'2019-01-02 06:25:02.765314','2019-01-02 05:29:04.000000','2019-01-02 06:25:06.000000','uploaded_data/H-08/H-08_190102_142904.vital',2),(473,'2019-01-02 06:32:28.231576','2019-01-02 06:27:24.000000','2019-01-02 06:32:27.000000','uploaded_data/C-05/C-05_190102_152724.vital',4),(474,'2019-01-02 07:30:24.622178','2019-01-02 06:45:41.000000','2019-01-02 07:30:28.000000','uploaded_data/H-08/H-08_190102_154541.vital',2),(475,'2019-01-02 08:19:39.057846','2019-01-02 07:41:16.000000','2019-01-02 08:19:42.000000','uploaded_data/H-08/H-08_190102_164116.vital',2),(476,'2019-01-02 09:11:24.097801','2019-01-02 06:33:51.000000','2019-01-02 09:11:21.000000','uploaded_data/C-05/C-05_190102_153351.vital',4),(477,'2019-01-02 09:12:17.199243','2019-01-02 08:35:06.000000','2019-01-02 09:12:21.000000','uploaded_data/H-08/H-08_190102_173506.vital',2),(478,'2019-01-02 22:06:58.582405','2019-01-02 21:58:47.000000','2019-01-02 22:06:57.000000','uploaded_data/C-05/C-05_190103_065847.vital',4),(479,'2019-01-02 22:38:13.487250','2019-01-02 22:33:17.000000','2019-01-02 22:38:17.000000','uploaded_data/H-08/H-08_190103_073317.vital',2),(480,'2019-01-03 00:31:16.390728','2019-01-02 23:00:50.000000','2019-01-03 00:31:19.000000','uploaded_data/H-08/H-08_190103_080050.vital',2),(481,'2019-01-03 01:46:17.010405','2019-01-02 22:57:30.000000','2019-01-03 01:46:14.000000','uploaded_data/C-05/C-05_190103_075730.vital',4),(482,'2019-01-03 02:19:48.928759','2019-01-03 00:55:59.000000','2019-01-03 02:19:51.000000','uploaded_data/H-08/H-08_190103_095559.vital',2),(483,'2019-01-03 03:40:46.974043','2019-01-03 02:00:42.000000','2019-01-03 03:40:45.000000','uploaded_data/C-05/C-05_190103_110042.vital',4),(484,'2019-01-03 04:16:11.429706','2019-01-03 02:41:41.000000','2019-01-03 04:16:15.000000','uploaded_data/H-08/H-08_190103_114141.vital',2),(485,'2019-01-03 05:05:26.155165','2019-01-03 04:00:33.000000','2019-01-03 05:05:24.000000','uploaded_data/C-05/C-05_190103_130033.vital',4),(486,'2019-01-03 06:30:40.458079','2019-01-03 05:16:11.000000','2019-01-03 06:30:38.000000','uploaded_data/C-05/C-05_190103_141611.vital',4),(487,'2019-01-03 07:45:00.970092','2019-01-03 05:20:24.000000','2019-01-03 07:45:04.000000','uploaded_data/H-08/H-08_190103_142024.vital',2),(488,'2019-01-03 08:59:12.713871','2019-01-03 08:06:18.000000','2019-01-03 08:59:16.000000','uploaded_data/H-08/H-08_190103_170618.vital',2),(489,'2019-01-03 09:18:19.440835','2019-01-03 09:04:28.000000','2019-01-03 09:18:23.000000','uploaded_data/H-08/H-08_190103_180428.vital',2),(490,'2019-01-03 10:27:49.956504','2019-01-03 06:50:15.000000','2019-01-03 10:27:47.000000','uploaded_data/C-05/C-05_190103_155015.vital',4),(491,'2019-01-03 21:57:25.374591','2019-01-03 21:52:24.000000','2019-01-03 21:57:24.000000','uploaded_data/C-05/C-05_190104_065224.vital',4),(492,'2019-01-03 22:28:49.161982','2019-01-03 22:23:53.000000','2019-01-03 22:28:53.000000','uploaded_data/H-08/H-08_190104_072353.vital',2),(493,'2019-01-03 23:59:13.569325','2019-01-03 23:04:14.000000','2019-01-03 23:59:17.000000','uploaded_data/H-08/H-08_190104_080414.vital',2),(494,'2019-01-04 01:42:42.491481','2019-01-04 00:08:12.000000','2019-01-04 01:42:45.000000','',2),(495,'2019-01-04 02:49:05.092540','2019-01-04 01:49:44.000000','2019-01-04 02:49:08.000000','',2),(496,'2019-01-04 03:11:19.311313','2019-01-03 23:04:31.000000','2019-01-04 03:11:15.000000','',4),(497,'2019-01-04 04:57:47.679809','2019-01-04 03:30:03.000000','2019-01-04 04:57:45.000000','',4),(498,'2019-01-04 07:27:17.578368','2019-01-04 05:00:11.000000','2019-01-04 06:54:16.000000','uploaded_data/F-04/F-04_190104_140011.vital',3),(499,'2019-01-04 09:16:26.702210','2019-01-04 05:33:47.000000','2019-01-04 09:16:30.000000','',2),(500,'2019-01-04 10:32:20.755083','2019-01-04 10:26:25.000000','2019-01-04 10:32:25.000000','',2),(501,'2019-01-04 10:48:48.321422','2019-01-04 10:42:46.000000','2019-01-04 10:48:51.000000','uploaded_data/H-08/H-08_190104_194246.vital',2),(502,'2019-01-04 12:03:16.003908','2019-01-04 05:09:27.000000','2019-01-04 12:03:08.000000','uploaded_data/C-05/C-05_190104_140927.vital',4),(503,'2019-01-04 15:09:08.720719','2019-01-04 10:22:59.000000','2019-01-04 15:09:06.000000','uploaded_data/F-04/F-04_190104_192259.vital',3),(504,'2019-01-06 04:58:27.844980','2019-01-06 04:58:07.000000','2019-01-06 04:58:31.000000','uploaded_data/H-01/H-01_190106_135807.vital',1),(505,'2019-01-06 22:14:21.986409','2019-01-06 22:09:26.000000','2019-01-06 22:14:26.000000','uploaded_data/H-08/H-08_190107_070926.vital',2),(506,'2019-01-06 22:23:08.222464','2019-01-06 22:12:26.000000','2019-01-06 22:23:07.000000','uploaded_data/C-05/C-05_190107_071226.vital',4),(507,'2019-01-06 22:42:23.250930','2019-01-06 22:37:23.000000','2019-01-06 22:42:23.000000','uploaded_data/F-04/F-04_190107_073723.vital',3),(508,'2019-01-07 00:12:40.312288','2019-01-06 23:05:14.000000','2019-01-07 00:12:38.000000','uploaded_data/C-05/C-05_190107_080514.vital',4),(509,'2019-01-07 01:12:21.915179','2019-01-07 00:23:14.000000','2019-01-07 01:12:20.000000','uploaded_data/C-05/C-05_190107_092314.vital',4),(510,'2019-01-07 01:22:42.367694','2019-01-07 01:17:41.000000','2019-01-07 01:22:41.000000','uploaded_data/C-05/C-05_190107_101741.vital',4),(511,'2019-01-07 02:17:21.891112','2019-01-07 01:26:46.000000','2019-01-07 02:17:20.000000','uploaded_data/C-05/C-05_190107_102646.vital',4),(512,'2019-01-07 02:24:58.581636','2019-01-07 02:19:47.000000','2019-01-07 02:24:56.000000','uploaded_data/C-05/C-05_190107_111947.vital',4),(513,'2019-01-07 02:30:33.589645','2019-01-07 02:25:32.000000','2019-01-07 02:30:32.000000','uploaded_data/C-05/C-05_190107_112532.vital',4),(514,'2019-01-07 08:18:35.277810','2019-01-07 08:18:16.000000','2019-01-07 08:18:38.000000','uploaded_data/H-01/H-01_190107_171816.vital',1),(515,'2019-01-07 08:23:36.776636','2019-01-07 08:18:40.000000','2019-01-07 08:23:40.000000','uploaded_data/H-01/H-01_190107_171840.vital',1),(516,'2019-01-07 08:51:19.306164','2019-01-06 22:57:53.000000','2019-01-07 08:51:20.000000','uploaded_data/H-08/H-08_190107_075753.vital',2),(517,'2019-01-07 09:47:12.659758','2019-01-07 02:45:17.000000','2019-01-07 09:46:58.000000','uploaded_data/C-05/C-05_190107_114517.vital',4),(518,'2019-01-07 22:09:02.514050','2019-01-07 22:04:07.000000','2019-01-07 22:09:07.000000','uploaded_data/H-08/H-08_190108_070407.vital',2),(519,'2019-01-07 22:14:20.611154','2019-01-07 22:07:59.000000','2019-01-07 22:14:19.000000','uploaded_data/C-05/C-05_190108_070759.vital',4),(520,'2019-01-08 00:45:01.303708','2019-01-07 23:17:16.000000','2019-01-08 00:45:05.000000','uploaded_data/H-08/H-08_190108_081716.vital',2),(521,'2019-01-08 02:54:14.101870','2019-01-07 23:02:24.000000','2019-01-08 02:54:08.000000','uploaded_data/C-05/C-05_190108_080224.vital',4),(522,'2019-01-08 03:43:46.677054','2019-01-08 01:02:38.000000','2019-01-08 03:43:50.000000','uploaded_data/H-08/H-08_190108_100238.vital',2),(523,'2019-01-08 05:41:00.927539','2019-01-08 04:11:07.000000','2019-01-08 05:41:04.000000','uploaded_data/H-08/H-08_190108_131107.vital',2),(524,'2019-01-08 06:33:22.954116','2019-01-08 03:11:18.000000','2019-01-08 06:33:17.000000','uploaded_data/C-05/C-05_190108_121118.vital',4),(525,'2019-01-08 07:10:35.579409','2019-01-08 06:55:45.000000','2019-01-08 07:10:40.000000','uploaded_data/H-08/H-08_190108_155545.vital',2),(526,'2019-01-08 07:59:09.232892','2019-01-08 07:22:20.000000','2019-01-08 07:59:13.000000','uploaded_data/H-08/H-08_190108_162220.vital',2),(527,'2019-01-08 08:41:17.712105','2019-01-08 08:07:39.000000','2019-01-08 08:41:22.000000','uploaded_data/H-08/H-08_190108_170739.vital',2),(528,'2019-01-08 09:23:24.949999','2019-01-08 06:48:07.000000','2019-01-08 09:23:21.000000','uploaded_data/C-05/C-05_190108_154807.vital',4),(529,'2019-01-08 21:44:20.943426','2019-01-08 21:39:25.000000','2019-01-08 21:44:25.000000','uploaded_data/H-08/H-08_190109_063925.vital',2),(530,'2019-01-08 22:16:30.186356','2019-01-08 22:09:54.000000','2019-01-08 22:16:29.000000','uploaded_data/C-05/C-05_190109_070954.vital',4),(531,'2019-01-09 00:03:18.752528','2019-01-08 23:05:59.000000','2019-01-09 00:03:22.000000','uploaded_data/H-08/H-08_190109_080559.vital',2),(532,'2019-01-09 02:22:37.464437','2019-01-09 00:16:39.000000','2019-01-09 02:22:41.000000','uploaded_data/H-08/H-08_190109_091639.vital',2),(533,'2019-01-09 03:39:20.467141','2019-01-09 03:34:24.000000','2019-01-09 03:39:25.000000','uploaded_data/H-08/H-08_190109_123424.vital',2),(534,'2019-01-09 04:31:49.915315','2019-01-08 22:59:47.000000','2019-01-09 04:31:38.000000','uploaded_data/C-05/C-05_190109_075947.vital',4),(535,'2019-01-09 05:05:04.037823','2019-01-09 05:00:02.000000','2019-01-09 05:05:02.000000','uploaded_data/C-05/C-05_190109_140002.vital',4),(536,'2019-01-09 05:20:21.402133','2019-01-09 04:18:14.000000','2019-01-09 05:20:25.000000','uploaded_data/H-08/H-08_190109_131814.vital',2),(537,'2019-01-09 08:07:19.150623','2019-01-09 05:34:43.000000','2019-01-09 08:07:23.000000','uploaded_data/H-08/H-08_190109_143443.vital',2),(538,'2019-01-09 09:06:37.328436','2019-01-09 08:18:10.000000','2019-01-09 09:06:41.000000','uploaded_data/H-08/H-08_190109_171810.vital',2),(539,'2019-01-09 09:50:53.470070','2019-01-09 05:05:56.000000','2019-01-09 09:50:44.000000','uploaded_data/C-05/C-05_190109_140556.vital',4),(540,'2019-01-09 22:18:20.684647','2019-01-09 22:13:19.000000','2019-01-09 22:18:19.000000','uploaded_data/C-05/C-05_190110_071319.vital',4),(541,'2019-01-09 22:57:17.364381','2019-01-09 22:51:04.000000','2019-01-09 22:57:16.000000','uploaded_data/C-05/C-05_190110_075104.vital',4),(542,'2019-01-10 00:45:49.311065','2019-01-09 23:05:38.000000','2019-01-10 00:45:53.000000','uploaded_data/H-08/H-08_190110_080538.vital',2),(543,'2019-01-10 02:06:48.492961','2019-01-09 22:57:20.000000','2019-01-10 02:06:44.000000','uploaded_data/C-05/C-05_190110_075720.vital',4),(544,'2019-01-10 04:09:01.900475','2019-01-10 01:01:59.000000','2019-01-10 04:09:04.000000','uploaded_data/H-08/H-08_190110_100159.vital',2),(545,'2019-01-10 04:25:35.131959','2019-01-10 02:30:59.000000','2019-01-10 04:25:31.000000','uploaded_data/C-05/C-05_190110_113059.vital',4),(546,'2019-01-10 06:05:13.483962','2019-01-10 04:37:22.000000','2019-01-10 06:05:08.000000','uploaded_data/C-05/C-05_190110_133722.vital',4),(547,'2019-01-10 06:12:23.291958','2019-01-10 04:33:06.000000','2019-01-10 06:12:27.000000','uploaded_data/H-08/H-08_190110_133306.vital',2),(548,'2019-01-10 07:39:45.354567','2019-01-10 06:27:14.000000','2019-01-10 07:39:49.000000','uploaded_data/H-08/H-08_190110_152714.vital',2),(549,'2019-01-10 08:38:08.383165','2019-01-10 06:17:01.000000','2019-01-10 08:38:04.000000','uploaded_data/C-05/C-05_190110_151701.vital',4),(550,'2019-01-10 08:38:24.121803','2019-01-10 07:57:28.000000','2019-01-10 08:38:28.000000','uploaded_data/H-08/H-08_190110_165728.vital',2),(551,'2019-01-10 09:50:28.127794','2019-01-10 09:06:16.000000','2019-01-10 09:50:32.000000','uploaded_data/H-08/H-08_190110_180616.vital',2),(552,'2019-01-10 22:01:00.531547','2019-01-10 21:56:05.000000','2019-01-10 22:01:05.000000','uploaded_data/H-08/H-08_190111_065605.vital',2),(553,'2019-01-10 22:19:13.592250','2019-01-10 22:12:44.000000','2019-01-10 22:19:12.000000','uploaded_data/C-05/C-05_190111_071244.vital',4),(554,'2019-01-10 23:45:59.305746','2019-01-10 23:14:48.000000','2019-01-10 23:46:03.000000','uploaded_data/H-08/H-08_190111_081448.vital',2),(555,'2019-01-11 01:03:26.563869','2019-01-11 00:14:47.000000','2019-01-11 01:03:30.000000','uploaded_data/H-08/H-08_190111_091447.vital',2),(556,'2019-01-11 02:01:04.227333','2019-01-11 01:56:02.000000','2019-01-11 02:01:02.000000','uploaded_data/C-05/C-05_190111_105602.vital',4),(557,'2019-01-11 02:48:21.052473','2019-01-11 02:01:05.000000','2019-01-11 02:48:18.000000','uploaded_data/C-05/C-05_190111_110105.vital',4),(558,'2019-01-11 02:49:23.008270','2019-01-11 02:19:33.000000','2019-01-11 02:49:27.000000','uploaded_data/H-08/H-08_190111_111933.vital',2),(559,'2019-01-11 03:04:32.414013','2019-01-11 02:56:04.000000','2019-01-11 03:04:31.000000','uploaded_data/C-05/C-05_190111_115604.vital',4),(560,'2019-01-11 05:19:08.950143','2019-01-11 05:14:08.000000','2019-01-11 05:19:08.000000','uploaded_data/TEST-01/TEST-01_190111_141408.vital',7),(561,'2019-01-11 05:20:44.027583','2019-01-11 05:20:41.000000','2019-01-11 05:20:43.000000','uploaded_data/TEST-01/TEST-01_190111_142041.vital',7),(562,'2019-01-11 06:01:06.710170','2019-01-11 05:56:05.000000','2019-01-11 06:01:05.000000','uploaded_data/C-05/C-05_190111_145605.vital',4),(563,'2019-01-11 06:39:01.254316','2019-01-11 06:14:50.000000','2019-01-11 06:39:05.000000','uploaded_data/H-08/H-08_190111_151450.vital',2),(564,'2019-01-11 07:18:17.527563','2019-01-11 06:56:05.000000','2019-01-11 07:18:15.000000','uploaded_data/C-05/C-05_190111_155605.vital',4),(565,'2019-01-11 08:24:45.559927','2019-01-11 08:24:44.000000','2019-01-11 08:24:45.000000','uploaded_data/TEST-01/TEST-01_190111_172444.vital',7),(566,'2019-01-11 08:25:32.305232','2019-01-11 08:25:30.000000','2019-01-11 08:25:32.000000','uploaded_data/TEST-01/TEST-01_190111_172530.vital',7),(567,'2019-01-11 08:25:48.312252','2019-01-11 08:25:46.000000','2019-01-11 08:25:48.000000','uploaded_data/TEST-01/TEST-01_190111_172546.vital',7),(568,'2019-01-11 08:25:53.287197','2019-01-11 08:25:49.000000','2019-01-11 08:25:53.000000','uploaded_data/TEST-01/TEST-01_190111_172549.vital',7),(569,'2019-01-11 08:27:49.028958','2019-01-11 08:26:09.000000','2019-01-11 08:27:48.000000','uploaded_data/TEST-01/TEST-01_190111_172609.vital',7),(570,'2019-01-11 08:27:58.671921','2019-01-11 08:27:49.000000','2019-01-11 08:27:58.000000','uploaded_data/TEST-01/TEST-01_190111_172749.vital',7),(571,'2019-01-11 08:29:24.985314','2019-01-11 08:29:07.000000','2019-01-11 08:29:24.000000','uploaded_data/TEST-01/TEST-01_190111_172907.vital',7),(572,'2019-01-11 08:33:00.005919','2019-01-11 08:30:17.000000','2019-01-11 08:32:59.000000','uploaded_data/TEST-01/TEST-01_190111_173017.vital',7),(573,'2019-01-11 08:33:01.757211','2019-01-11 08:33:00.000000','2019-01-11 08:33:01.000000','uploaded_data/TEST-01/TEST-01_190111_173300.vital',7),(574,'2019-01-11 08:33:10.772784','2019-01-11 08:33:02.000000','2019-01-11 08:33:10.000000','uploaded_data/TEST-01/TEST-01_190111_173302.vital',7),(575,'2019-01-11 08:33:12.057103','2019-01-11 08:33:11.000000','2019-01-11 08:33:11.000000','uploaded_data/TEST-01/TEST-01_190111_173311.vital',7),(576,'2019-01-11 08:36:43.700504','2019-01-11 08:14:29.000000','2019-01-11 08:36:48.000000','uploaded_data/H-08/H-08_190111_171429.vital',2),(577,'2019-01-11 08:38:26.721977','2019-01-11 08:33:26.000000','2019-01-11 08:38:26.000000','uploaded_data/TEST-01/TEST-01_190111_173326.vital',7),(578,'2019-01-11 08:51:56.043703','2019-01-11 08:46:46.000000','2019-01-11 08:51:55.000000','uploaded_data/TEST-01/TEST-01_190111_174646.vital',7),(579,'2019-01-11 09:05:20.360685','2019-01-11 08:59:50.000000','2019-01-11 09:05:20.000000','uploaded_data/TEST-01/TEST-01_190111_175950.vital',7);
/*!40000 ALTER TABLE `sa_api_filerecorded` ENABLE KEYS */;
UNLOCK TABLES;

--
-- Table structure for table `sa_api_room`
--

DROP TABLE IF EXISTS `sa_api_room`;
/*!40101 SET @saved_cs_client     = @@character_set_client */;
/*!40101 SET character_set_client = utf8 */;
CREATE TABLE `sa_api_room` (
  `id` int(11) NOT NULL AUTO_INCREMENT,
  `name` varchar(64) NOT NULL,
  PRIMARY KEY (`id`)
) ENGINE=InnoDB AUTO_INCREMENT=6 DEFAULT CHARSET=latin1;
/*!40101 SET character_set_client = @saved_cs_client */;

--
-- Dumping data for table `sa_api_room`
--

LOCK TABLES `sa_api_room` WRITE;
/*!40000 ALTER TABLE `sa_api_room` DISABLE KEYS */;
INSERT INTO `sa_api_room` VALUES (1,'C'),(2,'H'),(3,'Reserved'),(4,'TEST'),(5,'F');
/*!40000 ALTER TABLE `sa_api_room` ENABLE KEYS */;
UNLOCK TABLES;
/*!40103 SET TIME_ZONE=@OLD_TIME_ZONE */;

/*!40101 SET SQL_MODE=@OLD_SQL_MODE */;
/*!40014 SET FOREIGN_KEY_CHECKS=@OLD_FOREIGN_KEY_CHECKS */;
/*!40014 SET UNIQUE_CHECKS=@OLD_UNIQUE_CHECKS */;
/*!40101 SET CHARACTER_SET_CLIENT=@OLD_CHARACTER_SET_CLIENT */;
/*!40101 SET CHARACTER_SET_RESULTS=@OLD_CHARACTER_SET_RESULTS */;
/*!40101 SET COLLATION_CONNECTION=@OLD_COLLATION_CONNECTION */;
/*!40111 SET SQL_NOTES=@OLD_SQL_NOTES */;

-- Dump completed on 2019-01-11 19:30:48
